Date,Product,Category,Region,Quantity,Unit_Price,Total_Amount,Discount,Net_Amount
2024-08-22 16:30:32.936941,Mobile Phone,Electronics,North,4,63919.63650868431,255678.54603473723,37197.77111783184,218480.7749169054
2024-08-22 16:30:32.936941,Monitor,Electronics,South,6,10211.989156591522,61271.93493954913,2139.3525639955865,59132.582375553546
2024-08-22 16:30:32.936941,Headphones,Accessories,South,3,8739.463660626885,26218.390981880657,62.79141648373438,26155.599565396922
2024-08-22 16:30:32.936941,Mobile Phone,Electronics,Central,2,46409.14962437608,92818.29924875216,7611.707746568011,85206.59150218415
2024-08-23 16:30:32.936941,Mobile Phone,Electronics,Central,2,76369.93649385135,152739.8729877027,6216.872497272145,146523.00049043054
2024-08-23 16:30:32.936941,Mouse,Peripherals,North,5,539.0910168529848,2695.455084264924,5.692729458438474,2689.7623548064857
2024-08-23 16:30:32.936941,Laptop,Electronics,North,3,82411.44063085702,247234.32189257105,11532.825514492368,235701.49637807868
2024-08-24 16:30:32.936941,Headphones,Accessories,South,5,5249.934326457544,26249.67163228772,2058.2347684041038,24191.436863883613
2024-08-24 16:30:32.936941,Speaker,Accessories,Central,3,4974.376151391092,14923.128454173277,648.599722742325,14274.528731430952
2024-08-24 16:30:32.936941,Laptop,Electronics,Central,6,92828.07034091547,556968.4220454928,29766.996697792983,527201.4253476998
2024-08-24 16:30:32.936941,Headphones,Accessories,Central,1,4173.119707007521,4173.119707007521,152.81475418135344,4020.304952826168
2024-08-24 16:30:32.936941,Mouse,Peripherals,South,6,2240.7606820994706,13444.564092596824,538.0131667668086,12906.550925830015
2024-08-25 16:30:32.936941,USB Drive,Peripherals,Central,2,1329.3396336069918,2658.6792672139836,147.41889575455775,2511.260371459426
2024-08-25 16:30:32.936941,Monitor,Electronics,North,1,26073.240522242755,26073.240522242755,2310.9740745964427,23762.26644764631
2024-08-25 16:30:32.936941,Tablet,Electronics,West,4,22927.35213192783,91709.40852771132,1560.9884274796666,90148.42010023165
2024-08-26 16:30:32.936941,Keyboard,Peripherals,East,3,7975.649048426508,23926.947145279522,1000.8810170708617,22926.066128208662
2024-08-26 16:30:32.936941,Tablet,Electronics,South,3,46048.02484927911,138144.0745478373,2102.653857325381,136041.42069051194
2024-08-26 16:30:32.936941,Keyboard,Peripherals,North,3,7963.973506970335,23891.920520911004,1313.3464611972818,22578.574059713723
2024-08-26 16:30:32.936941,Mobile Phone,Electronics,West,8,59456.7735380206,475654.1883041648,45030.55962842009,430623.6286757447
2024-08-27 16:30:32.936941,Mobile Phone,Electronics,East,5,54614.23307758155,273071.16538790776,39073.55823283875,233997.607155069
2024-08-27 16:30:32.936941,Keyboard,Peripherals,Central,5,5219.901049610449,26099.505248052246,1051.0591404562085,25048.44610759604
2024-08-27 16:30:32.936941,Monitor,Electronics,North,3,27101.83510268095,81305.50530804285,10700.289143515836,70605.21616452701
2024-08-28 16:30:32.936941,USB Drive,Peripherals,Central,8,1869.860828834707,14958.886630677656,1791.2410619970778,13167.645568680578
2024-08-28 16:30:32.936941,Mobile Phone,Electronics,West,1,43807.029632833306,43807.029632833306,6451.7299333420215,37355.29969949128
2024-08-29 16:30:32.936941,Mobile Phone,Electronics,Central,6,22330.084065765393,133980.50439459237,3906.4702498306647,130074.03414476171
2024-08-29 16:30:32.936941,Monitor,Electronics,Central,3,19688.69418823738,59066.08256471214,8528.980611323335,50537.1019533888
2024-08-29 16:30:32.936941,Keyboard,Peripherals,Central,7,3058.617834523121,21410.324841661848,1659.3952073960588,19750.92963426579
2024-08-30 16:30:32.936941,Headphones,Accessories,North,5,4203.754107861354,21018.77053930677,2218.503462673276,18800.267076633492
2024-08-30 16:30:32.936941,Laptop,Electronics,South,5,68408.30624683393,342041.53123416967,43943.26451498468,298098.266719185
2024-08-30 16:30:32.936941,Monitor,Electronics,North,5,36015.96800665012,180079.84003325057,21912.227757138622,158167.61227611196
2024-08-30 16:30:32.936941,Headphones,Accessories,North,5,2860.1592388907084,14300.796194453542,1406.6033653004947,12894.192829153048
2024-08-30 16:30:32.936941,Mouse,Peripherals,East,2,1544.8650792889468,3089.7301585778937,263.4861399698262,2826.2440186080676
2024-08-31 16:30:32.936941,USB Drive,Peripherals,East,1,1519.7671698503686,1519.7671698503686,86.10899404723195,1433.6581758031366
2024-08-31 16:30:32.936941,Tablet,Electronics,East,1,26201.736036071412,26201.736036071412,3736.1336307091187,22465.602405362293
2024-08-31 16:30:32.936941,Keyboard,Peripherals,South,3,2882.731317657488,8648.193952972464,1263.8231198612311,7384.370833111233
2024-08-31 16:30:32.936941,Monitor,Electronics,North,5,30640.900305251173,153204.50152625586,9115.321643548801,144089.17988270705
2024-09-01 16:30:32.936941,Webcam,Accessories,South,2,4257.557513185495,8515.11502637099,106.65273112103722,8408.462295249952
2024-09-01 16:30:32.936941,Speaker,Accessories,South,6,11973.533090411433,71841.1985424686,8019.758610612449,63821.43993185615
2024-09-01 16:30:32.936941,Tablet,Electronics,West,3,28120.47028332964,84361.41084998893,11276.713551123206,73084.69729886572
2024-09-01 16:30:32.936941,Mouse,Peripherals,East,6,1042.022766466228,6252.136598797368,360.31234969364937,5891.824249103718
2024-09-02 16:30:32.936941,Speaker,Accessories,South,9,7047.488991868338,63427.40092681505,2530.1627082528057,60897.23821856224
2024-09-02 16:30:32.936941,Keyboard,Peripherals,North,5,6789.667628095166,33948.33814047583,4836.619293334329,29111.718847141503
2024-09-02 16:30:32.936941,Headphones,Accessories,North,5,8794.575005503675,43972.87502751838,3918.84535442843,40054.02967308995
2024-09-02 16:30:32.936941,Keyboard,Peripherals,West,9,3277.1459675495908,29494.313707946316,4409.267928832972,25085.045779113345
2024-09-03 16:30:32.936941,Monitor,Electronics,North,7,23516.324059302806,164614.26841511964,15262.909213455252,149351.3592016644
2024-09-03 16:30:32.936941,Headphones,Accessories,Central,8,8482.343410562511,67858.74728450009,4886.297694127525,62972.44959037256
2024-09-04 16:30:32.936941,Keyboard,Peripherals,South,5,3778.81913224288,18894.0956612144,986.9958162718701,17907.09984494253
2024-09-04 16:30:32.936941,USB Drive,Peripherals,West,6,1763.1371225280645,10578.822735168387,72.77373115574177,10506.049004012646
2024-09-04 16:30:32.936941,USB Drive,Peripherals,South,6,727.8540402684415,4367.124241610649,119.14393884685443,4247.9803027637945
2024-09-04 16:30:32.936941,Monitor,Electronics,South,8,28058.061866228807,224464.49492983046,18475.06571122601,205989.42921860446
2024-09-05 16:30:32.936941,Headphones,Accessories,Central,9,3970.8956197913985,35738.06057812259,2022.5203021644963,33715.54027595809
2024-09-05 16:30:32.936941,Speaker,Accessories,East,1,6795.877314407041,6795.877314407041,761.9581187462617,6033.919195660779
2024-09-06 16:30:32.936941,Webcam,Accessories,West,8,6424.431236562915,51395.44989250332,1405.28429136334,49990.165601139975
2024-09-06 16:30:32.936941,Webcam,Accessories,West,7,2521.521728524542,17650.652099671795,1422.042106514551,16228.609993157244
2024-09-06 16:30:32.936941,Keyboard,Peripherals,South,2,7347.70808144258,14695.41616288516,2058.1484877051876,12637.267675179972
2024-09-07 16:30:32.936941,Tablet,Electronics,Central,6,32073.343028305826,192440.05816983496,20118.49565398911,172321.56251584584
2024-09-07 16:30:32.936941,USB Drive,Peripherals,North,8,1502.9648298866464,12023.718639093171,1030.9365223082118,10992.78211678496
2024-09-08 16:30:32.936941,Laptop,Electronics,North,5,51222.6249134514,256113.124567257,18483.94422609684,237629.18034116016
2024-09-08 16:30:32.936941,Tablet,Electronics,South,3,19704.5136928641,59113.5410785923,5281.547274138417,53831.99380445389
2024-09-08 16:30:32.936941,Mouse,Peripherals,Central,8,2832.3451677498865,22658.761341999092,3148.8294576827834,19509.93188431631
2024-09-08 16:30:32.936941,Mobile Phone,Electronics,West,6,66890.86890508489,401345.2134305093,19035.597721167636,382309.6157093417
2024-09-09 16:30:32.936941,Mouse,Peripherals,Central,9,1596.8616884708476,14371.75519623763,1146.5588246049545,13225.196371632675
2024-09-09 16:30:32.936941,USB Drive,Peripherals,Central,5,1691.037783905444,8455.18891952722,1133.704599519003,7321.484320008217
2024-09-09 16:30:32.936941,Monitor,Electronics,Central,4,14293.839566454088,57175.35826581635,4601.027021109157,52574.331244707195
2024-09-10 16:30:32.936941,Laptop,Electronics,North,4,67420.0131569007,269680.0526276028,28970.881584715567,240709.17104288726
2024-09-10 16:30:32.936941,Speaker,Accessories,East,5,3808.5105238598044,19042.552619299022,731.2783855021781,18311.274233796845
2024-09-10 16:30:32.936941,Keyboard,Peripherals,North,8,6097.051123037091,48776.40898429673,5388.16578464389,43388.24319965284
2024-09-10 16:30:32.936941,Monitor,Electronics,West,8,14965.615311018693,119724.92248814955,10917.016376699743,108807.9061114498
2024-09-11 16:30:32.936941,Tablet,Electronics,West,9,42572.64610500724,383153.8149450652,52786.41475722205,330367.40018784313
2024-09-11 16:30:32.936941,Laptop,Electronics,East,3,54893.58656542911,164680.75969628734,24097.932747262792,140582.82694902454
2024-09-11 16:30:32.936941,Speaker,Accessories,South,9,4728.772710242614,42558.95439218353,1309.5792904954003,41249.37510168813
2024-09-11 16:30:32.936941,Speaker,Accessories,North,1,7209.919791379238,7209.919791379238,167.89045823316363,7042.029333146074
2024-09-12 16:30:32.936941,Monitor,Electronics,Central,8,29319.98629717047,234559.89037736377,953.3449546924437,233606.54542267133
2024-09-12 16:30:32.936941,Webcam,Accessories,South,7,6831.88980414743,47823.22862903201,7092.630388733923,40730.59824029809
2024-09-13 16:30:32.936941,Tablet,Electronics,East,8,48054.34039520457,384434.72316163656,7079.954938219521,377354.76822341705
2024-09-13 16:30:32.936941,Tablet,Electronics,Central,3,46243.50988769412,138730.52966308236,8519.684303809265,130210.8453592731
2024-09-13 16:30:32.936941,Speaker,Accessories,North,9,12398.118327315098,111583.06494583588,376.07914343575055,111206.98580240013
2024-09-13 16:30:32.936941,Webcam,Accessories,East,9,2110.3440592848006,18993.096533563206,2604.8048240287785,16388.291709534427
2024-09-13 16:30:32.936941,USB Drive,Peripherals,North,5,710.0278079906735,3550.1390399533675,389.9035584658975,3160.2354814874698
2024-09-14 16:30:32.936941,Mobile Phone,Electronics,East,9,54397.66269076404,489578.96421687637,56618.7736274174,432960.190589459
2024-09-14 16:30:32.936941,Monitor,Electronics,South,5,28312.140010238727,141560.70005119365,5731.323239026879,135829.37681216677
2024-09-14 16:30:32.936941,Laptop,Electronics,South,4,49720.832673495075,198883.3306939803,21029.691182013583,177853.63951196673
2024-09-15 16:30:32.936941,Webcam,Accessories,North,9,2820.9117855137683,25388.206069623913,3618.7232630784993,21769.482806545413
2024-09-15 16:30:32.936941,Mobile Phone,Electronics,West,7,25202.312711731014,176416.1889821171,17112.324086861845,159303.86489525525
2024-09-15 16:30:32.936941,Mobile Phone,Electronics,Central,9,22365.608682110353,201290.47813899317,27910.822823581195,173379.65531541198
2024-09-15 16:30:32.936941,Tablet,Electronics,South,2,41077.25918420771,82154.51836841542,5928.211105892028,76226.30726252339
2024-09-15 16:30:32.936941,USB Drive,Peripherals,Central,3,978.1287543981049,2934.386263194315,271.0770719113815,2663.309191282933
2024-09-16 16:30:32.936941,Tablet,Electronics,East,2,15744.42937976355,31488.8587595271,1898.451865459367,29590.40689406773
2024-09-16 16:30:32.936941,Speaker,Accessories,Central,5,2043.5027065587299,10217.51353279365,455.1946364184599,9762.318896375189
2024-09-16 16:30:32.936941,Mouse,Peripherals,South,2,1460.8166178992042,2921.6332357984084,344.6117593381283,2577.02147646028
2024-09-17 16:30:32.936941,Speaker,Accessories,South,6,12891.73455868219,77350.40735209314,9637.58056679686,67712.82678529629
2024-09-17 16:30:32.936941,Monitor,Electronics,West,2,34023.09061389625,68046.1812277925,2656.1830375722657,65389.99819022024
2024-09-17 16:30:32.936941,Keyboard,Peripherals,West,3,2954.81449634705,8864.44348904115,1166.730334594846,7697.7131544463045
2024-09-17 16:30:32.936941,Speaker,Accessories,West,3,5658.082487507848,16974.247462523545,12.939824836547569,16961.307637686998
2024-09-18 16:30:32.936941,Mobile Phone,Electronics,South,5,51956.151164045725,259780.75582022863,22262.64998194204,237518.1058382866
2024-09-18 16:30:32.936941,Headphones,Accessories,North,8,8907.669877196422,71261.35901757138,7455.414635178764,63805.94438239261
2024-09-18 16:30:32.936941,Keyboard,Peripherals,North,4,1690.1073397246344,6760.429358898537,163.02088814676895,6597.408470751769
2024-09-18 16:30:32.936941,Webcam,Accessories,Central,4,2054.4344279163497,8217.737711665399,1009.1539121408887,7208.58379952451
2024-09-19 16:30:32.936941,Headphones,Accessories,Central,6,8561.093524670969,51366.56114802581,7298.915235377236,44067.64591264857
2024-09-19 16:30:32.936941,Headphones,Accessories,North,1,1521.2841450291846,1521.2841450291846,135.63674947730777,1385.6473955518768
2024-09-19 16:30:32.936941,Mobile Phone,Electronics,North,7,69290.77684444646,485035.43791112525,62148.301803589384,422887.13610753586
2024-09-19 16:30:32.936941,Headphones,Accessories,North,7,7955.40502015124,55687.83514105868,7597.417653362119,48090.417487696555
2024-09-19 16:30:32.936941,Laptop,Electronics,East,5,78311.55685984514,391557.78429922566,21644.90379065561,369912.88050857006
2024-09-20 16:30:32.936941,Mobile Phone,Electronics,Central,8,32222.074956576453,257776.59965261162,37410.26454899417,220366.33510361746
2024-09-20 16:30:32.936941,Headphones,Accessories,East,4,2126.672129822954,8506.688519291816,343.2364657909898,8163.452053500826
2024-09-20 16:30:32.936941,USB Drive,Peripherals,South,8,1582.8314418904026,12662.651535123221,1809.458660834101,10853.19287428912
2024-09-20 16:30:32.936941,Speaker,Accessories,South,9,11132.044617073352,100188.40155366017,146.83883771290746,100041.56271594726
2024-09-21 16:30:32.936941,Webcam,Accessories,Central,1,6803.520194654498,6803.520194654498,204.2589343026893,6599.261260351808
2024-09-21 16:30:32.936941,USB Drive,Peripherals,South,7,948.2538295059708,6637.776806541795,622.5949155885961,6015.1818909531985
2024-09-21 16:30:32.936941,USB Drive,Peripherals,West,4,1465.3665427947876,5861.4661711791505,71.7707067339394,5789.695464445211
2024-09-21 16:30:32.936941,Headphones,Accessories,North,6,6541.678197480185,39250.06918488111,951.8487814586625,38298.22040342245
2024-09-21 16:30:32.936941,Mobile Phone,Electronics,West,6,33707.284479877926,202243.70687926756,14034.387248760955,188209.3196305066
2024-09-22 16:30:32.936941,Keyboard,Peripherals,West,5,7919.722164284376,39598.610821421884,4307.879376005091,35290.73144541679
2024-09-22 16:30:32.936941,Mouse,Peripherals,West,4,1026.6554725141664,4106.6218900566655,81.04481036515318,4025.577079691512
2024-09-22 16:30:32.936941,Laptop,Electronics,North,8,64318.61098514461,514548.8878811569,45762.82548565777,468786.0623954991
2024-09-23 16:30:32.936941,Laptop,Electronics,West,9,79757.27674049922,717815.490664493,25521.34013270605,692294.1505317868
2024-09-23 16:30:32.936941,Keyboard,Peripherals,North,3,4421.319928889296,13263.959786667887,754.7695622187093,12509.190224449178
2024-09-23 16:30:32.936941,Headphones,Accessories,South,5,7348.470347009832,36742.35173504916,677.7355050208392,36064.61623002832
2024-09-23 16:30:32.936941,Headphones,Accessories,Central,5,5069.791254550917,25348.956272754585,3669.7127450962835,21679.243527658302
2024-09-24 16:30:32.936941,USB Drive,Peripherals,South,2,688.6122677099733,1377.2245354199465,194.15143144723731,1183.0731039727093
2024-09-24 16:30:32.936941,Mouse,Peripherals,South,7,1138.2663118210796,7967.864182747558,20.93475543227388,7946.929427315284
2024-09-24 16:30:32.936941,Monitor,Electronics,West,2,37928.46086520933,75856.92173041866,7410.079345155599,68446.84238526307
2024-09-24 16:30:32.936941,Headphones,Accessories,North,2,4662.171646505835,9324.34329301167,457.405419992188,8866.937873019482
2024-09-25 16:30:32.936941,USB Drive,Peripherals,Central,3,508.63799074718236,1525.913972241547,90.67881683206565,1435.2351554094814
2024-09-25 16:30:32.936941,Mobile Phone,Electronics,North,5,52909.983299088606,264549.91649544303,19858.914711161076,244691.00178428195
2024-09-25 16:30:32.936941,Speaker,Accessories,North,5,8936.83310744942,44684.1655372471,5126.725541312689,39557.43999593441
2024-09-26 16:30:32.936941,Mobile Phone,Electronics,South,2,51274.04794912006,102548.09589824012,7370.899164871603,95177.19673336852
2024-09-26 16:30:32.936941,Tablet,Electronics,West,3,23987.179870217777,71961.53961065333,2942.766424140146,69018.77318651318
2024-09-26 16:30:32.936941,USB Drive,Peripherals,West,4,1690.110887221756,6760.443548887024,430.4990539491545,6329.944494937869
2024-09-27 16:30:32.936941,Headphones,Accessories,West,7,2010.7390997009725,14075.173697906808,368.9949848364777,13706.17871307033
2024-09-27 16:30:32.936941,Laptop,Electronics,South,9,90391.67817200322,813525.103548029,76128.78325603687,737396.320291992
2024-09-27 16:30:32.936941,Mouse,Peripherals,North,1,946.1149130694303,946.1149130694303,90.53763307647657,855.5772799929537
2024-09-28 16:30:32.936941,Mouse,Peripherals,East,9,2293.9944141454407,20645.949727308966,322.4163880969891,20323.533339211976
2024-09-28 16:30:32.936941,USB Drive,Peripherals,East,6,839.984603340482,5039.907620042892,392.40200931846925,4647.505610724423
2024-09-29 16:30:32.936941,Mouse,Peripherals,Central,5,1642.1466122009217,8210.733061004608,447.00577982221955,7763.727281182389
2024-09-29 16:30:32.936941,USB Drive,Peripherals,South,3,801.4005329885847,2404.201598965754,162.41737876194483,2241.784220203809
2024-09-29 16:30:32.936941,Headphones,Accessories,East,1,4442.7365221960745,4442.7365221960745,447.5335836343191,3995.202938561755
2024-09-30 16:30:32.936941,Headphones,Accessories,North,6,6476.377713938122,38858.266283628735,2220.222565841492,36638.043717787245
2024-09-30 16:30:32.936941,Webcam,Accessories,Central,2,7952.9480889398765,15905.896177879753,2031.4015471723721,13874.49463070738
2024-09-30 16:30:32.936941,Laptop,Electronics,East,1,46981.98387312856,46981.98387312856,1222.8788947032908,45759.104978425275
2024-09-30 16:30:32.936941,Laptop,Electronics,North,2,53416.866069778676,106833.73213955735,13290.101403827814,93543.63073572954
2024-09-30 16:30:32.936941,Webcam,Accessories,West,4,7794.932966919319,31179.731867677277,2022.775181950924,29156.956685726353
2024-10-01 16:30:32.936941,Speaker,Accessories,Central,4,12149.900618889718,48599.60247555887,424.01060100537313,48175.5918745535
2024-10-01 16:30:32.936941,Tablet,Electronics,North,2,49428.76238421947,98857.52476843895,7554.0315976738075,91303.49317076514
2024-10-02 16:30:32.936941,Speaker,Accessories,North,8,7847.200434677193,62777.60347741754,3463.057605673043,59314.5458717445
2024-10-02 16:30:32.936941,Tablet,Electronics,North,6,41925.67127744689,251554.02766468134,20198.912942491417,231355.11472218993
2024-10-02 16:30:32.936941,Webcam,Accessories,North,1,4996.00300987171,4996.00300987171,199.35496703981718,4796.648042831893
2024-10-02 16:30:32.936941,Headphones,Accessories,West,5,7636.2136964901965,38181.06848245098,5471.3548633600985,32709.713619090882
2024-10-03 16:30:32.936941,Mobile Phone,Electronics,Central,8,61288.08236519253,490304.65892154025,65832.0597827607,424472.59913877957
2024-10-03 16:30:32.936941,Headphones,Accessories,Central,8,8942.134964104898,71537.07971283919,7071.82163158834,64465.258081250846
2024-10-04 16:30:32.936941,Webcam,Accessories,North,8,4129.048161541343,33032.38529233074,2042.0501518989845,30990.33514043176
2024-10-04 16:30:32.936941,Webcam,Accessories,North,5,4291.637837917375,21458.189189586876,662.0514279120573,20796.137761674818
2024-10-04 16:30:32.936941,Mouse,Peripherals,Central,1,1305.5387586115708,1305.5387586115708,95.17681146349135,1210.3619471480795
2024-10-04 16:30:32.936941,Webcam,Accessories,Central,2,3444.1562709950294,6888.312541990059,125.54091813640014,6762.771623853659
2024-10-05 16:30:32.936941,Keyboard,Peripherals,East,3,7002.343201486808,21007.029604460422,2653.183279121153,18353.84632533927
2024-10-05 16:30:32.936941,Headphones,Accessories,East,8,3880.5384926888514,31044.30794151081,427.81021933958834,30616.49772217122
2024-10-05 16:30:32.936941,Headphones,Accessories,East,2,7595.213902896256,15190.427805792511,1989.922305679171,13200.50550011334
2024-10-05 16:30:32.936941,Mouse,Peripherals,South,9,2979.5248783734087,26815.72390536068,820.7044867595399,25995.01941860114
2024-10-05 16:30:32.936941,Monitor,Electronics,West,5,33513.75353456192,167568.7676728096,5089.412691688352,162479.35498112126
2024-10-06 16:30:32.936941,Keyboard,Peripherals,North,5,7976.173194577108,39880.86597288554,3547.6682411523425,36333.1977317332
2024-10-06 16:30:32.936941,Laptop,Electronics,West,5,79782.52027002953,398912.6013501477,43286.29153192364,355626.30981822405
2024-10-06 16:30:32.936941,Webcam,Accessories,Central,5,2462.349674805987,12311.748374029936,108.12964618762541,12203.618727842311
2024-10-07 16:30:32.936941,Mobile Phone,Electronics,North,6,69507.84005996691,417047.0403598015,47955.52126442439,369091.5190953771
2024-10-07 16:30:32.936941,Speaker,Accessories,South,9,6989.828375129572,62908.45537616615,5546.3493913915945,57362.10598477456
2024-10-08 16:30:32.936941,Speaker,Accessories,East,4,14228.830186499426,56915.320745997706,3668.1082961609345,53247.21244983677
2024-10-08 16:30:32.936941,Tablet,Electronics,East,3,31831.71002635744,95495.13007907232,11175.982197247367,84319.14788182495
2024-10-09 16:30:32.936941,Mobile Phone,Electronics,South,6,33513.42213610939,201080.53281665634,8316.284245287578,192764.24857136875
2024-10-09 16:30:32.936941,Keyboard,Peripherals,East,7,6548.618620208678,45840.33034146075,6232.708844277032,39607.62149718372
2024-10-09 16:30:32.936941,Tablet,Electronics,West,9,42015.02041635675,378135.1837472107,46956.924033143194,331178.2597140675
2024-10-09 16:30:32.936941,Speaker,Accessories,East,8,14636.069285209982,117088.55428167986,6138.479372982072,110950.07490869779
2024-10-09 16:30:32.936941,Webcam,Accessories,Central,9,5255.274820372537,47297.47338335283,5616.811369720971,41680.66201363186
2024-10-10 16:30:32.936941,Laptop,Electronics,Central,1,76774.00965171694,76774.00965171694,8628.827248556976,68145.18240315997
2024-10-10 16:30:32.936941,Monitor,Electronics,North,8,33819.69149104018,270557.53192832146,30604.426919179947,239953.10500914152
2024-10-11 16:30:32.936941,Tablet,Electronics,East,8,20656.6933950055,165253.547160044,8518.734241049953,156734.81291899405
2024-10-11 16:30:32.936941,Mobile Phone,Electronics,North,1,67900.6512934597,67900.6512934597,3632.7287162547823,64267.92257720492
2024-10-11 16:30:32.936941,Speaker,Accessories,South,9,12312.397555697307,110811.57800127576,14247.807914698937,96563.77008657683
2024-10-11 16:30:32.936941,Monitor,Electronics,East,3,11001.508053591437,33004.52416077431,4791.048334138519,28213.47582663579
2024-10-12 16:30:32.936941,Webcam,Accessories,South,9,4564.938127523691,41084.44314771322,999.7903704795243,40084.65277723369
2024-10-12 16:30:32.936941,Keyboard,Peripherals,South,5,6254.727187212356,31273.63593606178,3331.7812065532626,27941.854729508515
2024-10-12 16:30:32.936941,Monitor,Electronics,Central,9,24826.373417509,223437.360757581,3372.9258891894037,220064.43486839157
2024-10-12 16:30:32.936941,USB Drive,Peripherals,East,5,1607.1036850077758,8035.518425038879,306.12296761806647,7729.395457420813
2024-10-13 16:30:32.936941,Laptop,Electronics,North,4,84357.68410988638,337430.7364395455,17228.205800681528,320202.530638864
2024-10-13 16:30:32.936941,Mouse,Peripherals,East,9,2759.019610866988,24831.17649780289,3347.91572107393,21483.260776728963
2024-10-14 16:30:32.936941,Laptop,Electronics,North,1,92453.60344830109,92453.60344830109,6643.763045716471,85809.84040258461
2024-10-14 16:30:32.936941,Keyboard,Peripherals,South,1,3399.4184980023356,3399.4184980023356,490.94930068585165,2908.469197316484
2024-10-14 16:30:32.936941,Monitor,Electronics,South,9,13377.41171235811,120396.705411223,8465.71779663727,111930.98761458573
2024-10-14 16:30:32.936941,USB Drive,Peripherals,Central,9,1815.8926442392692,16343.033798153423,2424.5585831773633,13918.47521497606
2024-10-15 16:30:32.936941,Mouse,Peripherals,Central,7,1933.373364088045,13533.613548616315,991.4210243405948,12542.19252427572
2024-10-15 16:30:32.936941,Laptop,Electronics,North,5,45631.43708940137,228157.18544700684,26484.930618913666,201672.25482809317
2024-10-15 16:30:32.936941,Mobile Phone,Electronics,South,9,29889.480520805722,269005.3246872515,31746.004403403484,237259.32028384798
2024-10-15 16:30:32.936941,Speaker,Accessories,North,3,6704.090211666803,20112.27063500041,137.7149885538299,19974.555646446577
2024-10-16 16:30:32.936941,Keyboard,Peripherals,Central,3,5470.070461992494,16410.21138597748,18.86525937642309,16391.346126601056
2024-10-16 16:30:32.936941,Speaker,Accessories,South,8,7161.195536083492,57289.564288667934,5302.720776827268,51986.84351184066
2024-10-16 16:30:32.936941,Mouse,Peripherals,South,8,1626.492547457835,13011.94037966268,1424.5348236327886,11587.405556029891
2024-10-16 16:30:32.936941,Laptop,Electronics,East,8,94456.66015339328,755653.2812271463,29199.261196947202,726454.0200301991
2024-10-16 16:30:32.936941,Keyboard,Peripherals,North,7,5807.31933488581,40651.23534420067,2464.92665778642,38186.30868641425
2024-10-17 16:30:32.936941,Keyboard,Peripherals,South,9,1565.852696180332,14092.674265622989,1530.4074671657197,12562.266798457269
2024-10-17 16:30:32.936941,Headphones,Accessories,North,5,2279.234114141119,11396.170570705595,210.26497979835673,11185.90559090724
2024-10-17 16:30:32.936941,Keyboard,Peripherals,Central,1,7036.96803968066,7036.96803968066,623.0730750070395,6413.89496467362
2024-10-17 16:30:32.936941,Mouse,Peripherals,Central,2,530.774257540189,1061.548515080378,83.72633753167968,977.8221775486983
2024-10-18 16:30:32.936941,Tablet,Electronics,South,8,16567.24576766339,132537.96614130712,15739.948937305086,116798.01720400203
2024-10-18 16:30:32.936941,Tablet,Electronics,South,1,33587.987070983494,33587.987070983494,4924.597365234886,28663.38970574861
2024-10-18 16:30:32.936941,Mouse,Peripherals,North,3,558.3802408204648,1675.1407224613945,226.16489902103686,1448.9758234403575
2024-10-19 16:30:32.936941,Tablet,Electronics,East,5,46094.12853080384,230470.6426540192,11767.385200301484,218703.25745371773
2024-10-19 16:30:32.936941,Mouse,Peripherals,South,4,1390.4641177939852,5561.856471175941,423.3515782766705,5138.50489289927
2024-10-20 16:30:32.936941,Monitor,Electronics,South,5,14175.901040370865,70879.50520185432,9359.441214450602,61520.063987403715
2024-10-20 16:30:32.936941,Mobile Phone,Electronics,West,8,67551.28351777515,540410.2681422012,48565.63740167319,491844.63074052805
2024-10-20 16:30:32.936941,Laptop,Electronics,West,6,72003.19772592175,432019.1863555305,29982.710767035613,402036.4755884949
2024-10-20 16:30:32.936941,Headphones,Accessories,South,4,3572.051999732832,14288.207998931328,1855.131944370731,12433.076054560597
2024-10-21 16:30:32.936941,USB Drive,Peripherals,East,2,504.7517728710526,1009.5035457421052,36.40003105891288,973.1035146831923
2024-10-21 16:30:32.936941,Monitor,Electronics,South,6,32020.892877679187,192125.35726607512,18229.16446706043,173896.19279901468
2024-10-21 16:30:32.936941,Headphones,Accessories,North,5,2896.344674804828,14481.72337402414,31.096483679506235,14450.626890344634
2024-10-22 16:30:32.936941,Headphones,Accessories,West,4,7780.851300312722,31123.405201250887,2276.4956861506575,28846.90951510023
2024-10-22 16:30:32.936941,Keyboard,Peripherals,East,4,7659.97216876906,30639.88867507624,353.25681446954695,30286.631860606692
2024-10-23 16:30:32.936941,Mobile Phone,Electronics,East,2,62425.18863600189,124850.37727200378,7586.583636850795,117263.79363515298
2024-10-23 16:30:32.936941,Keyboard,Peripherals,Central,6,5422.705124281962,32536.23074569177,2455.2683260540493,30080.96241963772
2024-10-23 16:30:32.936941,Mouse,Peripherals,Central,4,2509.896268881301,10039.585075525203,1167.623045992986,8871.962029532217
2024-10-23 16:30:32.936941,Keyboard,Peripherals,North,2,3265.055808173075,6530.11161634615,700.3923966156178,5829.719219730532
2024-10-24 16:30:32.936941,Mobile Phone,Electronics,East,6,54995.99106878272,329975.9464126963,42890.998558450025,287084.9478542463
2024-10-24 16:30:32.936941,Tablet,Electronics,Central,4,30183.609685178533,120734.43874071413,11458.517034794266,109275.92170591987
2024-10-24 16:30:32.936941,Monitor,Electronics,North,8,15484.217099707013,123873.7367976561,8833.55895190298,115040.17784575313
2024-10-25 16:30:32.936941,Mobile Phone,Electronics,Central,5,41603.0279540587,208015.1397702935,23949.85312939612,184065.28664089736
2024-10-25 16:30:32.936941,Mouse,Peripherals,East,2,2119.282927657304,4238.565855314608,250.96613311895445,3987.599722195653
2024-10-25 16:30:32.936941,Keyboard,Peripherals,West,8,6135.844741337015,49086.75793069612,427.73183842345924,48659.02609227266
2024-10-25 16:30:32.936941,Webcam,Accessories,Central,6,2188.5309290676378,13131.185574405827,1450.0776602143974,11681.107914191429
2024-10-26 16:30:32.936941,Mobile Phone,Electronics,West,1,36000.51179971865,36000.51179971865,710.2087380002416,35290.30306171841
2024-10-26 16:30:32.936941,Webcam,Accessories,South,6,4088.5735590097283,24531.44135405837,1367.8951067990477,23163.54624725932
2024-10-26 16:30:32.936941,Monitor,Electronics,North,5,36956.81814024518,184784.0907012259,1820.9047163441653,182963.18598488174
2024-10-27 16:30:32.936941,Mouse,Peripherals,North,2,1097.8969444556076,2195.793888911215,184.87273972371412,2010.921149187501
2024-10-27 16:30:32.936941,Speaker,Accessories,Central,6,12544.609009135122,75267.65405481073,4382.448312706204,70885.20574210453
2024-10-28 16:30:32.936941,Headphones,Accessories,East,1,5229.894413421429,5229.894413421429,351.1927119886772,4878.701701432752
2024-10-28 16:30:32.936941,Mouse,Peripherals,North,6,2052.2714755442703,12313.628853265622,333.03674941420127,11980.59210385142
2024-10-28 16:30:32.936941,Keyboard,Peripherals,Central,3,7877.751439566753,23633.25431870026,698.0992882855616,22935.1550304147
2024-10-28 16:30:32.936941,Keyboard,Peripherals,North,3,4483.262615952441,13449.787847857322,28.627973088552682,13421.15987476877
2024-10-28 16:30:32.936941,Monitor,Electronics,Central,3,38586.90387993482,115760.71163980446,4029.1643583555733,111731.54728144889
2024-10-29 16:30:32.936941,Monitor,Electronics,West,7,28091.929185115496,196643.50429580847,1358.513641130039,195284.99065467843
2024-10-29 16:30:32.936941,Keyboard,Peripherals,West,8,4625.785952919558,37006.28762335647,5104.26443655322,31902.02318680325
2024-10-29 16:30:32.936941,Monitor,Electronics,Central,3,12721.651067047931,38164.95320114379,5681.477029323667,32483.476171820126
2024-10-29 16:30:32.936941,Tablet,Electronics,South,4,44654.50837026507,178618.0334810603,25622.402168895613,152995.63131216468
2024-10-30 16:30:32.936941,Mouse,Peripherals,West,2,1315.846077329968,2631.692154659936,356.7617567032733,2274.9303979566625
2024-10-30 16:30:32.936941,Tablet,Electronics,Central,8,43810.62907481007,350485.0325984806,33438.504810654784,317046.5277878258
2024-10-30 16:30:32.936941,Webcam,Accessories,East,4,6948.72713766672,27794.90855066688,2149.9059043607012,25645.00264630618
2024-10-31 16:30:32.936941,Mouse,Peripherals,Central,7,1976.0777245567333,13832.544071897133,416.13877680566856,13416.405295091465
2024-10-31 16:30:32.936941,Laptop,Electronics,East,7,58251.92317817685,407763.4622472379,25849.911693155893,381913.55055408203
2024-11-01 16:30:32.936941,Monitor,Electronics,South,5,37058.2059024745,185291.0295123725,18372.00175377587,166919.02775859664
2024-11-01 16:30:32.936941,Mouse,Peripherals,Central,7,606.0557455172293,4242.390218620605,454.6299128403061,3787.760305780299
2024-11-01 16:30:32.936941,Webcam,Accessories,East,5,6821.108650609606,34105.54325304803,624.2874453426962,33481.25580770533
2024-11-02 16:30:32.936941,USB Drive,Peripherals,West,7,735.9894200027423,5151.925940019197,518.5840686157258,4633.341871403471
2024-11-02 16:30:32.936941,USB Drive,Peripherals,South,7,1673.2568946368692,11712.798262458084,1082.1078023648295,10630.690460093254
2024-11-02 16:30:32.936941,Speaker,Accessories,West,2,11339.90131519315,22679.8026303863,609.8222847686703,22069.98034561763
2024-11-03 16:30:32.936941,Tablet,Electronics,North,3,45776.93570617848,137330.80711853545,6444.862559683678,130885.94455885177
2024-11-03 16:30:32.936941,Monitor,Electronics,Central,7,30220.59757176378,211544.18300234646,19714.62053095901,191829.56247138744
2024-11-03 16:30:32.936941,Webcam,Accessories,East,1,3232.4084508681763,3232.4084508681763,184.9459868658519,3047.4624640023244
2024-11-03 16:30:32.936941,Mobile Phone,Electronics,South,1,60288.74892003241,60288.74892003241,8865.780730756755,51422.968189275656
2024-11-03 16:30:32.936941,Monitor,Electronics,South,1,15694.45908916468,15694.45908916468,1216.6107836008177,14477.848305563863
2024-11-04 16:30:32.936941,Headphones,Accessories,South,2,6432.734805034376,12865.469610068752,1203.5301606674886,11661.939449401263
2024-11-04 16:30:32.936941,Laptop,Electronics,North,2,56044.12167145248,112088.24334290496,14561.87072077421,97526.37262213074
2024-11-04 16:30:32.936941,Headphones,Accessories,West,1,2917.7650781632738,2917.7650781632738,274.6287609252844,2643.1363172379893
2024-11-04 16:30:32.936941,Webcam,Accessories,North,4,4988.242358341214,19952.969433364855,2223.2346027968615,17729.73483056799
2024-11-05 16:30:32.936941,USB Drive,Peripherals,West,3,1994.3934297873152,5983.180289361946,601.9158876037496,5381.264401758196
2024-11-05 16:30:32.936941,Webcam,Accessories,South,2,3485.3586216793183,6970.717243358637,65.37796918469948,6905.339274173937
2024-11-05 16:30:32.936941,Mouse,Peripherals,West,2,2512.725796239157,5025.451592478314,150.9761378456446,4874.475454632669
2024-11-06 16:30:32.936941,Mouse,Peripherals,South,6,1961.122274393565,11766.73364636139,1580.2948428565023,10186.438803504887
2024-11-06 16:30:32.936941,Tablet,Electronics,North,9,29396.881327470037,264571.93194723036,16643.80796959941,247928.12397763095
2024-11-06 16:30:32.936941,Mobile Phone,Electronics,West,6,55930.724004766336,335584.34402859805,578.504116952131,335005.8399116459
2024-11-07 16:30:32.936941,Headphones,Accessories,South,1,8078.701441517624,8078.701441517624,9.651307214685872,8069.050134302937
2024-11-07 16:30:32.936941,Speaker,Accessories,West,8,12222.650529799259,97781.20423839407,5478.487905688414,92302.71633270566
2024-11-08 16:30:32.936941,Laptop,Electronics,Central,7,53907.015417361,377349.107921527,26141.433848780303,351207.6740727467
2024-11-08 16:30:32.936941,Headphones,Accessories,North,9,4699.842479923958,42298.582319315625,3374.7230989716463,38923.85922034398
2024-11-08 16:30:32.936941,USB Drive,Peripherals,South,2,1451.9588847310706,2903.917769462141,92.29855671199732,2811.619212750144
2024-11-09 16:30:32.936941,USB Drive,Peripherals,Central,7,1123.662655284983,7865.638586994881,821.6797745034905,7043.95881249139
2024-11-09 16:30:32.936941,Speaker,Accessories,Central,1,14130.65404730801,14130.65404730801,2078.129378874865,12052.524668433145
2024-11-09 16:30:32.936941,Keyboard,Peripherals,West,1,4225.265797579143,4225.265797579143,355.3522234575804,3869.9135741215623
2024-11-09 16:30:32.936941,Webcam,Accessories,Central,5,2764.3184960020358,13821.592480010178,591.9279012394348,13229.664578770744
2024-11-10 16:30:32.936941,Mouse,Peripherals,Central,3,538.7708265664804,1616.3124796994412,116.19510965261148,1500.1173700468296
2024-11-10 16:30:32.936941,USB Drive,Peripherals,South,9,847.3226539475731,7625.903885528158,510.61552813603925,7115.288357392119
2024-11-10 16:30:32.936941,USB Drive,Peripherals,West,3,1563.1484828437315,4689.445448531194,465.4398561901964,4224.005592340998
2024-11-10 16:30:32.936941,Monitor,Electronics,South,1,11459.7299098514,11459.7299098514,1164.5493532472576,10295.180556604142
2024-11-11 16:30:32.936941,Monitor,Electronics,Central,1,29874.518408248245,29874.518408248245,1941.080901413853,27933.43750683439
2024-11-11 16:30:32.936941,USB Drive,Peripherals,South,4,1382.7574027384833,5531.029610953933,714.7586737371969,4816.2709372167365
2024-11-11 16:30:32.936941,Monitor,Electronics,West,1,38754.93507003221,38754.93507003221,1308.2224948560565,37446.712575176156
2024-11-11 16:30:32.936941,Mobile Phone,Electronics,East,5,33122.936779875636,165614.68389937817,17363.42839376686,148251.2555056113
2024-11-11 16:30:32.936941,Headphones,Accessories,East,1,1303.0876348701763,1303.0876348701763,175.51010844558246,1127.5775264245938
2024-11-12 16:30:32.936941,Keyboard,Peripherals,East,8,3118.5567847090842,24948.454277672674,1222.371656939349,23726.082620733327
2024-11-12 16:30:32.936941,Speaker,Accessories,North,3,9360.34898592592,28081.046957777762,2756.1912874031304,25324.855670374633
2024-11-12 16:30:32.936941,Tablet,Electronics,South,3,47081.11555748439,141243.34667245316,8524.070334154876,132719.27633829828
2024-11-12 16:30:32.936941,Headphones,Accessories,West,3,4980.644249060218,14941.932747180654,766.3088507037501,14175.623896476904
2024-11-13 16:30:32.936941,Tablet,Electronics,South,5,37732.81253976066,188664.0626988033,10559.224361457334,178104.83833734595
2024-11-13 16:30:32.936941,Mobile Phone,Electronics,West,7,57898.610904973495,405290.2763348145,12412.008177543818,392878.2681572707
2024-11-14 16:30:32.936941,Mouse,Peripherals,East,6,928.5854417763569,5571.512650658142,760.689515783947,4810.823134874195
2024-11-14 16:30:32.936941,Speaker,Accessories,West,8,9723.07614740626,77784.60917925008,776.2236006467464,77008.38557860334
2024-11-14 16:30:32.936941,Mouse,Peripherals,North,1,2715.2335882830203,2715.2335882830203,326.9033903115974,2388.330197971423
2024-11-15 16:30:32.936941,Headphones,Accessories,West,3,9760.443572483391,29281.330717450175,3588.312474953118,25693.018242497055
2024-11-15 16:30:32.936941,Mouse,Peripherals,Central,3,2855.958635005692,8567.875905017076,1266.2941445662827,7301.581760450793
2024-11-15 16:30:32.936941,Laptop,Electronics,Central,9,98065.68791617372,882591.1912455634,89229.20265899257,793361.9885865708
2024-11-15 16:30:32.936941,Mouse,Peripherals,West,4,706.8420890454747,2827.368356181899,340.89787678458515,2486.4704793973137
2024-11-16 16:30:32.936941,Laptop,Electronics,East,6,86833.36161323283,521000.169679397,22031.980378382563,498968.18930101447
2024-11-16 16:30:32.936941,Monitor,Electronics,West,2,33311.47856955268,66622.95713910536,8889.361040111273,57733.59609899409
2024-11-17 16:30:32.936941,Mouse,Peripherals,Central,5,2649.486687029114,13247.43343514557,1515.0697999311756,11732.363635214393
2024-11-17 16:30:32.936941,Speaker,Accessories,Central,8,9184.609481097727,73476.87584878181,7292.586463346641,66184.28938543517
2024-11-17 16:30:32.936941,Headphones,Accessories,West,6,8688.347100976021,52130.08260585613,2902.3646296310717,49227.71797622506
2024-11-17 16:30:32.936941,Headphones,Accessories,East,6,1783.1549647250986,10698.929788350591,350.18806371941645,10348.741724631174
2024-11-17 16:30:32.936941,Mouse,Peripherals,West,4,2375.6644098471056,9502.657639388422,133.668933544732,9368.98870584369
2024-11-18 16:30:32.936941,Laptop,Electronics,West,8,95244.37902055812,761955.0321644649,55691.14328339003,706263.888881075
2024-11-18 16:30:32.936941,Keyboard,Peripherals,West,2,4591.970817071231,9183.941634142462,312.35667054745676,8871.584963595005
2024-11-18 16:30:32.936941,Tablet,Electronics,West,9,19319.028532195873,173871.25678976285,5620.408167517309,168250.84862224554
2024-11-19 16:30:32.936941,Tablet,Electronics,Central,1,21619.868500804463,21619.868500804463,683.5600826186002,20936.30841818586
2024-11-19 16:30:32.936941,Speaker,Accessories,North,5,5047.532800149691,25237.664000748453,113.96271179861036,25123.701288949844
2024-11-19 16:30:32.936941,Mouse,Peripherals,Central,3,1239.1363540312132,3717.4090620936395,195.39440865983877,3522.0146534338005
2024-11-19 16:30:32.936941,Webcam,Accessories,North,1,2473.636417679333,2473.636417679333,164.29823943527023,2309.338178244063
2024-11-19 16:30:32.936941,Mobile Phone,Electronics,West,1,79501.76440234711,79501.76440234711,3255.0009262146946,76246.76347613242
2024-11-20 16:30:32.936941,Tablet,Electronics,West,9,15175.92934134311,136583.36407208798,19289.659840684853,117293.70423140313
2024-11-20 16:30:32.936941,Tablet,Electronics,North,1,38223.32578697083,38223.32578697083,1557.4085373602304,36665.917249610604
2024-11-20 16:30:32.936941,Monitor,Electronics,West,9,34674.83947870681,312073.5553083613,6417.299186690114,305656.2561216712
2024-11-20 16:30:32.936941,Keyboard,Peripherals,South,9,6264.5006969470505,56380.50627252345,5556.556819039095,50823.949453484354
2024-11-21 16:30:32.936941,USB Drive,Peripherals,East,8,1195.972547250331,9567.780378002648,308.1244648964635,9259.655913106184
2024-11-21 16:30:32.936941,Keyboard,Peripherals,West,9,2949.90340002792,26549.13060025128,980.6352583736641,25568.495341877617
2024-11-21 16:30:32.936941,Monitor,Electronics,West,9,13471.039545409065,121239.35590868158,2507.5681869026657,118731.78772177892
2024-11-21 16:30:32.936941,Monitor,Electronics,North,6,33817.88157579894,202907.28945479367,10906.307085444512,192000.98236934916
2024-11-22 16:30:32.936941,USB Drive,Peripherals,North,6,806.3701383682512,4838.220830209508,55.56812143290197,4782.652708776606
2024-11-22 16:30:32.936941,Speaker,Accessories,North,7,11291.792593771295,79042.54815639906,4952.0195445305,74090.52861186856
2024-11-23 16:30:32.936941,Keyboard,Peripherals,South,3,5928.794586068767,17786.3837582063,2399.1884763565295,15387.19528184977
2024-11-23 16:30:32.936941,Mobile Phone,Electronics,North,2,41293.86100919324,82587.72201838648,519.2523399754054,82068.46967841109
2024-11-23 16:30:32.936941,Laptop,Electronics,South,2,73422.4307965021,146844.8615930042,13872.889024331995,132971.9725686722
2024-11-23 16:30:32.936941,Headphones,Accessories,North,3,8028.674772799917,24086.02431839975,856.7801061769612,23229.24421222279
2024-11-24 16:30:32.936941,Webcam,Accessories,South,4,5356.432554364142,21425.730217456567,2662.64448678052,18763.085730676048
2024-11-24 16:30:32.936941,Headphones,Accessories,South,1,2897.976049127093,2897.976049127093,197.52741874960526,2700.448630377488
2024-11-24 16:30:32.936941,USB Drive,Peripherals,North,3,1830.6789758355476,5492.036927506642,755.3819383654509,4736.654989141191
2024-11-24 16:30:32.936941,Webcam,Accessories,South,9,5970.312095863739,53732.80886277365,4855.695107201296,48877.113755572354
2024-11-24 16:30:32.936941,USB Drive,Peripherals,East,2,916.5786310262657,1833.1572620525315,58.76134501601663,1774.395917036515
2024-11-25 16:30:32.936941,Keyboard,Peripherals,South,1,3539.092328338424,3539.092328338424,3.321865155687113,3535.770463182737
2024-11-25 16:30:32.936941,Webcam,Accessories,Central,8,6903.8318732794205,55230.654986235364,7707.977121616569,47522.677864618796
2024-11-25 16:30:32.936941,Mobile Phone,Electronics,South,4,40247.256737853735,160989.02695141494,9528.271965774062,151460.75498564087
2024-11-25 16:30:32.936941,Monitor,Electronics,North,4,14616.997140813211,58467.988563252846,497.098628944844,57970.889934308005
2024-11-25 16:30:32.936941,Webcam,Accessories,North,4,2666.8228839920744,10667.291535968297,1037.0288023956443,9630.262733572654
2024-11-26 16:30:32.936941,Monitor,Electronics,Central,9,29691.57578154302,267224.1820338872,17818.304821842255,249405.87721204493
2024-11-26 16:30:32.936941,Mouse,Peripherals,West,7,2962.936387726687,20740.554714086808,1925.0514179127151,18815.50329617409
2024-11-26 16:30:32.936941,Headphones,Accessories,North,8,9409.897348780973,75279.17879024778,453.24305242858014,74825.9357378192
2024-11-26 16:30:32.936941,Webcam,Accessories,South,1,2559.6286806690196,2559.6286806690196,370.05441085164176,2189.5742698173776
2024-11-26 16:30:32.936941,Mobile Phone,Electronics,East,3,60589.024971236264,181767.07491370878,18877.08255503974,162889.99235866906
2024-11-27 16:30:32.936941,Webcam,Accessories,North,1,4047.9118757003125,4047.9118757003125,290.55610071851214,3757.3557749818006
2024-11-27 16:30:32.936941,Webcam,Accessories,North,2,6345.527164994799,12691.054329989598,937.7401107253307,11753.314219264268
2024-11-27 16:30:32.936941,Keyboard,Peripherals,Central,2,5165.477183911555,10330.95436782311,528.3641164228362,9802.590251400274
2024-11-27 16:30:32.936941,Mouse,Peripherals,East,6,2480.4779870041903,14882.867922025142,660.4066456789851,14222.461276346156
2024-11-27 16:30:32.936941,Mobile Phone,Electronics,Central,5,58022.69598593174,290113.4799296587,4108.829245710665,286004.650683948
2024-11-28 16:30:32.936941,Keyboard,Peripherals,North,6,6568.835746065442,39413.01447639265,1504.4814610563253,37908.533015336325
2024-11-28 16:30:32.936941,Mouse,Peripherals,West,6,2530.645302475855,15183.871814855129,514.1131235748493,14669.75869128028
2024-11-29 16:30:32.936941,Mobile Phone,Electronics,West,7,28280.929221203103,197966.5045484217,9503.203382980193,188463.30116544152
2024-11-29 16:30:32.936941,Keyboard,Peripherals,West,5,2365.8645068880865,11829.322534440433,1243.1639043280377,10586.158630112395
2024-11-29 16:30:32.936941,Tablet,Electronics,West,9,49813.94578187705,448325.51203689346,15638.131735299128,432687.3803015943
2024-11-29 16:30:32.936941,Tablet,Electronics,Central,8,18781.55957817425,150252.476625394,12268.375125814282,137984.1014995797
2024-11-29 16:30:32.936941,Monitor,Electronics,Central,6,29588.489744135266,177530.9384648116,1987.5946072608235,175543.34385755076
2024-11-30 16:30:32.936941,Speaker,Accessories,West,4,11964.855110881153,47859.420443524614,2378.7487727094194,45480.671670815194
2024-11-30 16:30:32.936941,USB Drive,Peripherals,West,6,976.9738270105024,5861.842962063014,717.2868214839957,5144.556140579019
2024-11-30 16:30:32.936941,Webcam,Accessories,East,3,7914.831925101234,23744.4957753037,0.6643526040428154,23743.83142269966
2024-11-30 16:30:32.936941,Keyboard,Peripherals,South,5,5716.975010036009,28584.875050180046,2494.3304067967897,26090.544643383255
2024-12-01 16:30:32.936941,Mobile Phone,Electronics,East,4,29752.27924812247,119009.11699248989,2079.288905821173,116929.82808666871
2024-12-01 16:30:32.936941,USB Drive,Peripherals,South,8,715.2041855270301,5721.6334842162405,511.2392441691975,5210.394240047043
2024-12-01 16:30:32.936941,USB Drive,Peripherals,Central,1,1873.6823591811908,1873.6823591811908,54.8606225730786,1818.8217366081121
2024-12-02 16:30:32.936941,Webcam,Accessories,West,1,2062.9618468396666,2062.9618468396666,276.97283119959684,1785.9890156400697
2024-12-02 16:30:32.936941,Keyboard,Peripherals,North,5,2973.4892384870036,14867.446192435018,259.7170323848087,14607.729160050209
2024-12-03 16:30:32.936941,USB Drive,Peripherals,East,3,799.1173966378026,2397.3521899134075,24.492197936070475,2372.859991977337
2024-12-03 16:30:32.936941,Tablet,Electronics,West,2,42454.1915624479,84908.3831248958,7280.142194912841,77628.24092998296
2024-12-03 16:30:32.936941,Headphones,Accessories,East,6,5710.612338298074,34263.674029788446,1039.700089823293,33223.97393996515
2024-12-04 16:30:32.936941,Monitor,Electronics,East,3,21483.523012091217,64450.56903627365,5547.8970843260295,58902.67195194762
2024-12-04 16:30:32.936941,Monitor,Electronics,Central,3,12940.230543422233,38820.691630266694,5508.486630885749,33312.20499938095
2024-12-04 16:30:32.936941,Monitor,Electronics,Central,8,13698.513378968406,109588.10703174725,15599.549236710853,93988.5577950364
2024-12-04 16:30:32.936941,Laptop,Electronics,Central,2,95683.10501373088,191366.21002746176,16637.926484413107,174728.28354304866
2024-12-05 16:30:32.936941,Headphones,Accessories,North,9,7557.906558129424,68021.15902316482,6913.1176439825795,61108.041379182236
2024-12-05 16:30:32.936941,Headphones,Accessories,West,7,4933.463696579689,34534.24587605782,3782.7604287100376,30751.485447347786
2024-12-05 16:30:32.936941,USB Drive,Peripherals,Central,8,1130.016506443494,9040.132051547953,1090.464434814297,7949.667616733655
2024-12-05 16:30:32.936941,Headphones,Accessories,West,1,5136.801376471636,5136.801376471636,765.9600017862891,4370.841374685347
2024-12-05 16:30:32.936941,USB Drive,Peripherals,West,8,1503.8285448873,12030.6283590984,645.7041245191822,11384.924234579219
2024-12-06 16:30:32.936941,Laptop,Electronics,North,2,74535.60571840493,149071.21143680986,12609.030129355531,136462.18130745433
2024-12-06 16:30:32.936941,Monitor,Electronics,South,6,25395.252468461076,152371.51481076644,15862.272703851435,136509.24210691502
2024-12-06 16:30:32.936941,Mouse,Peripherals,South,2,1962.0695282644772,3924.1390565289544,53.81289130729535,3870.326165221659
2024-12-06 16:30:32.936941,Monitor,Electronics,Central,2,29262.59522057197,58525.19044114394,5504.017054706853,53021.17338643708
2024-12-07 16:30:32.936941,Keyboard,Peripherals,West,3,2677.6170305251308,8032.851091575392,710.4898083269031,7322.361283248489
2024-12-07 16:30:32.936941,Speaker,Accessories,Central,6,12554.259612134938,75325.55767280963,7337.2232662852175,67988.33440652442
2024-12-07 16:30:32.936941,Keyboard,Peripherals,West,9,6095.59941277184,54860.39471494657,155.90284607264587,54704.49186887392
2024-12-07 16:30:32.936941,Speaker,Accessories,East,9,8500.757369484127,76506.81632535714,2743.531190399337,73763.2851349578
2024-12-08 16:30:32.936941,Keyboard,Peripherals,West,9,5696.416750879675,51267.75075791708,5318.944435529777,45948.8063223873
2024-12-08 16:30:32.936941,Monitor,Electronics,East,2,22845.518196015186,45691.03639203037,2147.02049727717,43544.0158947532
2024-12-08 16:30:32.936941,Monitor,Electronics,South,5,33501.61659987515,167508.08299937577,4593.408039123868,162914.6749602519
2024-12-08 16:30:32.936941,Mobile Phone,Electronics,South,6,21534.18794538408,129205.12767230449,17950.569204032905,111254.55846827159
2024-12-08 16:30:32.936941,Keyboard,Peripherals,North,7,5936.513111986521,41555.59178390565,747.7073219776204,40807.88446192803
2024-12-09 16:30:32.936941,Speaker,Accessories,South,3,5762.7316345867075,17288.194903760123,2082.998170094608,15205.196733665514
2024-12-09 16:30:32.936941,Headphones,Accessories,South,1,6624.817735384317,6624.817735384317,193.31387068322243,6431.503864701094
2024-12-09 16:30:32.936941,USB Drive,Peripherals,East,5,1898.7333853847028,9493.666926923514,667.580247636562,8826.086679286951
2024-12-10 16:30:32.936941,Webcam,Accessories,Central,1,6171.124797260394,6171.124797260394,582.8272638762855,5588.297533384109
2024-12-10 16:30:32.936941,Webcam,Accessories,East,9,3029.5782023911397,27266.203821520256,684.8987288890776,26581.305092631177
2024-12-10 16:30:32.936941,Mobile Phone,Electronics,South,7,50331.24750340942,352318.73252386594,22311.934908339008,330006.79761552694
2024-12-10 16:30:32.936941,Monitor,Electronics,South,5,14120.852379060227,70604.26189530114,3299.7439050957387,67304.51799020541
2024-12-10 16:30:32.936941,Keyboard,Peripherals,South,9,4221.518431629947,37993.66588466953,4230.3604547851255,33763.3054298844
2024-12-11 16:30:32.936941,Monitor,Electronics,North,6,31166.881349490734,187001.2880969444,6577.755657467426,180423.53243947696
2024-12-11 16:30:32.936941,Speaker,Accessories,South,7,6436.177846850368,45053.244927952575,4565.606456942858,40487.63847100972
2024-12-11 16:30:32.936941,Monitor,Electronics,North,1,23822.008007250217,23822.008007250217,1923.8474261455829,21898.160581104636
2024-12-11 16:30:32.936941,Laptop,Electronics,Central,1,91451.83646511543,91451.83646511543,8.202390680376332,91443.63407443505
2024-12-12 16:30:32.936941,Monitor,Electronics,South,6,26666.487096568595,159998.92257941156,11830.88765144207,148168.0349279695
2024-12-12 16:30:32.936941,USB Drive,Peripherals,North,9,1766.4722962285737,15898.250666057163,676.3304786048363,15221.920187452328
2024-12-13 16:30:32.936941,Laptop,Electronics,Central,2,94565.77022115259,189131.54044230518,375.2978644501947,188756.24257785498
2024-12-13 16:30:32.936941,Monitor,Electronics,West,1,39423.81416243754,39423.81416243754,2634.218027993687,36789.596134443855
2024-12-14 16:30:32.936941,USB Drive,Peripherals,West,3,677.3336181086898,2032.0008543260697,67.21110657721113,1964.7897477488586
2024-12-14 16:30:32.936941,Keyboard,Peripherals,South,1,1780.1507081641064,1780.1507081641064,203.87599047007248,1576.2747176940338
2024-12-14 16:30:32.936941,Laptop,Electronics,East,1,70488.50311991166,70488.50311991166,8732.900858052473,61755.60226185919
2024-12-14 16:30:32.936941,USB Drive,Peripherals,North,2,1533.2157553849806,3066.4315107699613,195.94383258117418,2870.487678188787
2024-12-14 16:30:32.936941,Mobile Phone,Electronics,West,3,37993.85557967218,113981.56673901653,3080.2147395219763,110901.35199949455
2024-12-15 16:30:32.936941,USB Drive,Peripherals,North,2,1414.7191423221757,2829.4382846443514,34.19976529368022,2795.238519350671
2024-12-15 16:30:32.936941,Webcam,Accessories,North,8,5422.45694842185,43379.6555873748,3784.208233569837,39595.447353804964
2024-12-15 16:30:32.936941,Tablet,Electronics,South,5,34389.763942609585,171948.81971304794,8739.044684049955,163209.77502899797
2024-12-15 16:30:32.936941,Webcam,Accessories,East,2,4924.306650032257,9848.613300064513,1021.4234069853298,8827.189893079183
2024-12-15 16:30:32.936941,Mobile Phone,Electronics,South,1,49342.904026956996,49342.904026956996,2688.6110932527026,46654.292933704295
2024-12-16 16:30:32.936941,Mobile Phone,Electronics,Central,4,57392.622384080416,229570.48953632166,25790.975578153142,203779.5139581685
2024-12-16 16:30:32.936941,Mouse,Peripherals,Central,6,2371.5217714545806,14229.130628727484,1526.3410984268744,12702.78953030061
2024-12-16 16:30:32.936941,Webcam,Accessories,Central,2,2005.6604916057865,4011.320983211573,23.625708837773544,3987.6952743737997
2024-12-16 16:30:32.936941,Headphones,Accessories,Central,9,2245.3138079937103,20207.82427194339,1267.9129901239671,18939.911281819423
2024-12-16 16:30:32.936941,Mouse,Peripherals,West,3,2539.363451565302,7618.090354695906,976.5028880676089,6641.587466628297
2024-12-17 16:30:32.936941,USB Drive,Peripherals,East,4,1559.9061934913266,6239.624773965306,183.90074201719165,6055.724031948114
2024-12-17 16:30:32.936941,Webcam,Accessories,West,1,3157.223412137686,3157.223412137686,43.90820570131505,3113.3152064363708
2024-12-17 16:30:32.936941,Monitor,Electronics,Central,2,25974.12723651692,51948.25447303384,7557.05957591169,44391.19489712215
2024-12-18 16:30:32.936941,Webcam,Accessories,North,3,4006.6551627086246,12019.965488125874,936.3180964659305,11083.647391659943
2024-12-18 16:30:32.936941,Webcam,Accessories,North,5,7597.2061407597985,37986.03070379899,5257.1439902538295,32728.886713545162
2024-12-19 16:30:32.936941,Headphones,Accessories,South,9,5272.921054392861,47456.28948953575,607.9366384028509,46848.3528511329
2024-12-19 16:30:32.936941,Monitor,Electronics,North,8,24261.57566066447,194092.60528531577,7434.3295521391765,186658.2757331766
2024-12-19 16:30:32.936941,Tablet,Electronics,South,9,35188.27718733896,316694.49468605063,40093.21291725075,276601.2817687999
2024-12-19 16:30:32.936941,Tablet,Electronics,Central,2,36584.944767637164,73169.88953527433,4436.747444779493,68733.14209049483
2024-12-20 16:30:32.936941,Mobile Phone,Electronics,South,2,71904.26596252364,143808.53192504728,6860.52144777015,136948.01047727713
2024-12-20 16:30:32.936941,Laptop,Electronics,West,8,65148.1704665233,521185.3637321864,58771.789713267775,462413.5740189186
2024-12-21 16:30:32.936941,USB Drive,Peripherals,Central,2,1372.582291210215,2745.16458242043,362.2949135888207,2382.8696688316095
2024-12-21 16:30:32.936941,USB Drive,Peripherals,East,5,1103.5595760837014,5517.797880418507,128.1709191028308,5389.626961315676
2024-12-21 16:30:32.936941,Laptop,Electronics,South,6,68449.47675274478,410696.8605164687,12538.67005664456,398158.19045982417
2024-12-22 16:30:32.936941,Monitor,Electronics,East,4,21463.987264779636,85855.94905911855,7999.881185177462,77856.06787394108
2024-12-22 16:30:32.936941,USB Drive,Peripherals,North,3,913.3501644637677,2740.050493391303,314.55079561724114,2425.499697774062
2024-12-23 16:30:32.936941,Headphones,Accessories,East,3,1574.1510062823809,4722.453018847143,691.8046364396442,4030.6483824074985
2024-12-23 16:30:32.936941,Webcam,Accessories,South,2,5649.268260598679,11298.536521197359,753.4544907284267,10545.082030468931
2024-12-23 16:30:32.936941,Mouse,Peripherals,North,4,1958.2681204605115,7833.072481842046,781.0425560383067,7052.029925803739
2024-12-23 16:30:32.936941,Speaker,Accessories,South,6,11754.300085659428,70525.80051395656,5442.7186588745535,65083.08185508201
2024-12-23 16:30:32.936941,Tablet,Electronics,East,7,35372.45458934782,247607.18212543475,3090.9943367428905,244516.18778869187
2024-12-24 16:30:32.936941,Tablet,Electronics,North,2,34240.103930715886,68480.20786143177,5265.599770368858,63214.60809106292
2024-12-24 16:30:32.936941,Laptop,Electronics,South,1,68164.41051935549,68164.41051935549,3402.0462943115594,64762.36422504393
2024-12-25 16:30:32.936941,Monitor,Electronics,Central,2,36734.20275380528,73468.40550761056,7939.621204871626,65528.78430273893
2024-12-25 16:30:32.936941,Webcam,Accessories,East,7,3741.530632235176,26190.714425646234,2207.6228625954927,23983.09156305074
2024-12-25 16:30:32.936941,USB Drive,Peripherals,North,8,1003.7245469623018,8029.7963756984145,1158.7700772013682,6871.026298497047
2024-12-26 16:30:32.936941,USB Drive,Peripherals,East,4,1107.4528810642828,4429.811524257131,384.42468203140163,4045.3868422257297
2024-12-26 16:30:32.936941,Mouse,Peripherals,East,9,2674.203308359157,24067.82977523241,933.9916565082891,23133.83811872412
2024-12-26 16:30:32.936941,Speaker,Accessories,Central,1,2184.556248132408,2184.556248132408,147.43908973975354,2037.1171583926546
2024-12-26 16:30:32.936941,USB Drive,Peripherals,West,4,583.5602541728678,2334.241016691471,295.8693335362849,2038.371683155186
2024-12-27 16:30:32.936941,Mobile Phone,Electronics,Central,9,26225.380612151384,236028.42550936245,1024.7522262571806,235003.67328310528
2024-12-27 16:30:32.936941,Laptop,Electronics,West,9,86906.78955572358,782161.1060015121,1066.1287961576634,781094.9772053545
2024-12-28 16:30:32.936941,Keyboard,Peripherals,Central,7,2406.4265353335413,16844.985747334787,940.0602895776325,15904.925457757156
2024-12-28 16:30:32.936941,Monitor,Electronics,North,2,13732.656605556804,27465.313211113607,1330.651921861656,26134.66128925195
2024-12-28 16:30:32.936941,Mobile Phone,Electronics,South,2,61266.152381944084,122532.30476388817,5895.0337583722585,116637.27100551591
2024-12-29 16:30:32.936941,Webcam,Accessories,Central,6,4285.3421757479755,25712.053054487853,1913.1415332946747,23798.91152119318
2024-12-29 16:30:32.936941,Laptop,Electronics,East,2,43845.682662170526,87691.36532434105,12539.521064816796,75151.84425952425
2024-12-29 16:30:32.936941,Webcam,Accessories,North,3,6334.4683067812675,19003.404920343804,21.070694441576183,18982.33422590223
2024-12-30 16:30:32.936941,Tablet,Electronics,West,3,45505.50590018423,136516.5177005527,1873.4336134981722,134643.08408705454
2024-12-30 16:30:32.936941,Speaker,Accessories,West,6,11961.191145884926,71767.14687530955,8737.223273044918,63029.92360226464
2024-12-31 16:30:32.936941,Monitor,Electronics,South,8,27069.495829123684,216555.96663298947,67.45234141740018,216488.51429157206
2024-12-31 16:30:32.936941,Webcam,Accessories,West,8,3861.4117024682287,30891.29361974583,842.2369001733639,30049.056719572465
2024-12-31 16:30:32.936941,USB Drive,Peripherals,North,4,659.3207413826843,2637.2829655307373,303.7218821752862,2333.561083355451
2024-12-31 16:30:32.936941,USB Drive,Peripherals,East,9,1735.6195819262007,15620.576237335807,1169.6370020173767,14450.93923531843
2025-01-01 16:30:32.936941,Mouse,Peripherals,East,2,1167.8601746766233,2335.7203493532465,260.0703467104633,2075.6500026427834
2025-01-01 16:30:32.936941,Keyboard,Peripherals,North,7,6927.329606939255,48491.30724857479,4648.676246039315,43842.631002535476
2025-01-01 16:30:32.936941,Tablet,Electronics,East,3,42618.36390770649,127855.09172311946,415.12428471254935,127439.96743840691
2025-01-01 16:30:32.936941,Mouse,Peripherals,West,4,2779.5464238486175,11118.18569539447,1378.1941411874807,9739.991554206988
2025-01-01 16:30:32.936941,Monitor,Electronics,West,5,18255.10337464204,91275.5168732102,9061.067448429965,82214.44942478024
2025-01-02 16:30:32.936941,Speaker,Accessories,North,5,13306.04650307124,66530.2325153562,4481.187990838252,62049.04452451794
2025-01-02 16:30:32.936941,USB Drive,Peripherals,North,7,1027.8946560976651,7195.262592683655,360.37739444694495,6834.8851982367105
2025-01-02 16:30:32.936941,Keyboard,Peripherals,East,8,4347.286493384994,34778.29194707995,3038.414571636167,31739.877375443786
2025-01-03 16:30:32.936941,Keyboard,Peripherals,North,4,1613.738390918026,6454.953563672104,338.51170642424796,6116.441857247856
2025-01-03 16:30:32.936941,Mouse,Peripherals,Central,8,2732.7843533061814,21862.27482644945,1002.8668543987442,20859.407972050707
2025-01-03 16:30:32.936941,Laptop,Electronics,Central,9,91516.0064189499,823644.0577705491,103094.48721337774,720549.5705571714
2025-01-03 16:30:32.936941,USB Drive,Peripherals,West,6,1369.6892657494327,8218.135594496596,216.8235298333502,8001.312064663246
2025-01-03 16:30:32.936941,Laptop,Electronics,South,6,77273.59182881004,463641.5509728602,62249.20261938733,401392.3483534729
2025-01-04 16:30:32.936941,Speaker,Accessories,East,9,13779.787969657233,124018.0917269151,15496.697963566021,108521.39376334907
2025-01-04 16:30:32.936941,Webcam,Accessories,West,7,7674.290650646147,53720.03455452303,5453.819419649986,48266.21513487304
2025-01-04 16:30:32.936941,USB Drive,Peripherals,North,1,660.8335913127312,660.8335913127312,72.72237494083669,588.1112163718944
2025-01-04 16:30:32.936941,Headphones,Accessories,East,5,8393.241274985718,41966.20637492859,1675.089742303143,40291.116632625446
2025-01-05 16:30:32.936941,Speaker,Accessories,South,5,10913.47274044759,54567.363702237955,1078.852683811667,53488.51101842629
2025-01-05 16:30:32.936941,Monitor,Electronics,West,3,21485.001843053058,64455.00552915917,9051.189842943199,55403.815686215974
2025-01-05 16:30:32.936941,USB Drive,Peripherals,North,1,743.8418088971226,743.8418088971226,88.29732378817121,655.5444851089514
2025-01-06 16:30:32.936941,Laptop,Electronics,Central,4,77605.20091253988,310420.8036501595,12554.814601456264,297865.9890487032
2025-01-06 16:30:32.936941,Headphones,Accessories,South,9,7109.986034699065,63989.87431229159,592.8251003905619,63397.04921190103
2025-01-06 16:30:32.936941,Monitor,Electronics,Central,1,21349.468214957786,21349.468214957786,533.3263050714426,20816.141909886344
2025-01-06 16:30:32.936941,Laptop,Electronics,Central,3,89250.94055578773,267752.82166736317,28458.786564960057,239294.0351024031
2025-01-07 16:30:32.936941,Mouse,Peripherals,North,8,2990.5612326115966,23924.489860892772,2857.986265293644,21066.50359559913
2025-01-07 16:30:32.936941,Headphones,Accessories,North,1,6670.168125569447,6670.168125569447,211.61783661030864,6458.550288959138
2025-01-07 16:30:32.936941,USB Drive,Peripherals,North,8,1534.6868709692992,12277.494967754394,801.6456346070669,11475.849333147327
2025-01-07 16:30:32.936941,Tablet,Electronics,West,3,29794.031688009898,89382.0950640297,3173.7858114554465,86208.30925257425
2025-01-07 16:30:32.936941,Monitor,Electronics,Central,5,30078.048752525046,150390.24376262524,22460.298123170618,127929.94563945461
2025-01-08 16:30:32.936941,Monitor,Electronics,West,1,10022.431251115931,10022.431251115931,376.3527178823882,9646.078533233544
2025-01-08 16:30:32.936941,USB Drive,Peripherals,West,6,1894.9033911111285,11369.420346666771,515.7096423835161,10853.710704283256
2025-01-08 16:30:32.936941,Headphones,Accessories,West,9,7393.796335111706,66544.16701600535,5847.319743605568,60696.84727239978
2025-01-09 16:30:32.936941,Speaker,Accessories,South,2,13602.098221376153,27204.196442752305,1350.3405441137695,25853.855898638536
2025-01-09 16:30:32.936941,Mouse,Peripherals,South,8,1527.818195648448,12222.545565187584,1770.3315243368932,10452.214040850691
2025-01-09 16:30:32.936941,Webcam,Accessories,Central,3,5735.28194277369,17205.84582832107,797.2786069328785,16408.56722138819
2025-01-09 16:30:32.936941,Tablet,Electronics,North,9,19051.60161862136,171464.41456759223,8782.477784528952,162681.93678306328
2025-01-10 16:30:32.936941,Monitor,Electronics,West,7,18674.51003362453,130721.5702353717,12650.254788986242,118071.31544638546
2025-01-10 16:30:32.936941,Keyboard,Peripherals,Central,5,1593.4241865555546,7967.120932777772,1079.3744187521281,6887.7465140256445
2025-01-10 16:30:32.936941,Monitor,Electronics,North,4,32954.46549583792,131817.86198335167,12122.950767207138,119694.91121614454
2025-01-10 16:30:32.936941,Monitor,Electronics,East,9,17986.94504496431,161882.50540467878,17848.181183262957,144034.32422141582
2025-01-11 16:30:32.936941,Webcam,Accessories,Central,8,2474.4561258598887,19795.64900687911,1328.79152010834,18466.85748677077
2025-01-11 16:30:32.936941,USB Drive,Peripherals,South,8,853.5238018638274,6828.190414910619,129.8740244086147,6698.316390502005
2025-01-12 16:30:32.936941,USB Drive,Peripherals,Central,4,1259.2097790419666,5036.839116167866,387.97603170840375,4648.863084459463
2025-01-12 16:30:32.936941,USB Drive,Peripherals,East,1,583.1494834118507,583.1494834118507,81.74649921929577,501.402984192555
2025-01-12 16:30:32.936941,Keyboard,Peripherals,Central,6,2194.336454265939,13166.018725595635,909.7839901953085,12256.234735400327
2025-01-12 16:30:32.936941,Speaker,Accessories,West,1,5356.948572379779,5356.948572379779,367.8332232767091,4989.11534910307
2025-01-13 16:30:32.936941,USB Drive,Peripherals,East,9,807.4688492388661,7267.219643149795,929.3421983193173,6337.8774448304775
2025-01-13 16:30:32.936941,Headphones,Accessories,South,6,2700.870939740576,16205.225638443455,1417.8183576258432,14787.407280817612
2025-01-13 16:30:32.936941,Webcam,Accessories,West,9,3212.485616519125,28912.370548672123,477.37400130605937,28434.996547366063
2025-01-13 16:30:32.936941,Headphones,Accessories,West,1,2361.3785601640834,2361.3785601640834,36.246752214989776,2325.131807949094
2025-01-13 16:30:32.936941,Laptop,Electronics,East,4,81963.08445924203,327852.33783696813,1350.9432212367992,326501.3946157313
2025-01-14 16:30:32.936941,USB Drive,Peripherals,West,3,804.3097638713518,2412.9292916140557,240.9251386406908,2172.004152973365
2025-01-14 16:30:32.936941,Mouse,Peripherals,South,5,1518.5197033867134,7592.598516933567,60.16287056192177,7532.435646371646
2025-01-14 16:30:32.936941,USB Drive,Peripherals,North,3,997.4867662655263,2992.460298796579,224.03442662589717,2768.425872170682
2025-01-15 16:30:32.936941,Tablet,Electronics,Central,1,18143.774529896167,18143.774529896167,384.40407161438947,17759.370458281777
2025-01-15 16:30:32.936941,Webcam,Accessories,East,2,3551.3435818414755,7102.687163682951,359.2672240563429,6743.4199396266085
2025-01-15 16:30:32.936941,Mobile Phone,Electronics,West,2,60907.12986730728,121814.25973461456,279.7571664088762,121534.50256820569
2025-01-16 16:30:32.936941,Mobile Phone,Electronics,Central,2,44385.112460128265,88770.22492025653,6568.297498754129,82201.9274215024
2025-01-16 16:30:32.936941,USB Drive,Peripherals,North,5,1840.959586193757,9204.797930968785,751.2854845584402,8453.512446410345
2025-01-17 16:30:32.936941,Tablet,Electronics,West,9,20837.556731428595,187538.01058285736,11261.5600647976,176276.45051805975
2025-01-17 16:30:32.936941,Tablet,Electronics,North,3,38558.8971843585,115676.6915530755,882.3833700508139,114794.3081830247
2025-01-17 16:30:32.936941,USB Drive,Peripherals,East,6,1386.2994010926718,8317.79640655603,454.85839811635464,7862.938008439675
2025-01-18 16:30:32.936941,Keyboard,Peripherals,Central,6,2848.8247200017136,17092.94832001028,1159.4534003350411,15933.494919675239
2025-01-18 16:30:32.936941,Mouse,Peripherals,North,8,2180.1313512634047,17441.050810107237,1839.681476388861,15601.369333718376
2025-01-18 16:30:32.936941,Keyboard,Peripherals,Central,7,3887.71334930232,27213.993445116237,2737.975355708292,24476.018089407946
2025-01-18 16:30:32.936941,Mouse,Peripherals,East,9,2269.3830190134954,20424.447171121457,1355.1685792290655,19069.27859189239
2025-01-19 16:30:32.936941,USB Drive,Peripherals,Central,1,1132.2667737654358,1132.2667737654358,70.38748519490785,1061.879288570528
2025-01-19 16:30:32.936941,Laptop,Electronics,Central,6,67642.73028089653,405856.3816853792,36299.30218392359,369557.0795014556
2025-01-20 16:30:32.936941,Mobile Phone,Electronics,South,7,22251.719451908186,155762.0361633573,10881.354640626781,144880.6815227305
2025-01-20 16:30:32.936941,Monitor,Electronics,South,1,28963.672853470693,28963.672853470693,2634.4753672775323,26329.19748619316
2025-01-21 16:30:32.936941,Mobile Phone,Electronics,West,9,64478.522501045736,580306.7025094116,54708.75386576999,525597.9486436417
2025-01-21 16:30:32.936941,Mobile Phone,Electronics,North,3,35966.477370157954,107899.43211047386,13741.700917846878,94157.73119262699
2025-01-21 16:30:32.936941,USB Drive,Peripherals,South,8,1832.8989206557287,14663.19136524583,1126.3279194133313,13536.863445832498
2025-01-22 16:30:32.936941,Monitor,Electronics,North,4,15974.706927912011,63898.827711648046,9473.358083730842,54425.469627917206
2025-01-22 16:30:32.936941,Laptop,Electronics,East,4,43494.269849216515,173977.07939686606,23007.65147138612,150969.42792547995
2025-01-23 16:30:32.936941,Laptop,Electronics,East,5,86479.15718758106,432395.7859379053,38609.27963397319,393786.5063039321
2025-01-23 16:30:32.936941,Keyboard,Peripherals,East,2,1822.3578034305597,3644.7156068611193,34.158144200071185,3610.5574626610482
2025-01-23 16:30:32.936941,Mouse,Peripherals,South,3,1716.8776208807888,5150.6328626423665,201.95424133237492,4948.678621309991
2025-01-23 16:30:32.936941,Headphones,Accessories,Central,1,6827.678160131469,6827.678160131469,129.93702559207458,6697.741134539394
2025-01-23 16:30:32.936941,Mouse,Peripherals,Central,3,1731.0043980108392,5193.013194032517,51.253651973175174,5141.7595420593425
2025-01-24 16:30:32.936941,Tablet,Electronics,South,7,19572.20335450759,137005.42348155312,204.87588398845728,136800.54759756467
2025-01-24 16:30:32.936941,Tablet,Electronics,North,3,47029.858714171365,141089.5761425141,4929.003254680136,136160.57288783396
2025-01-24 16:30:32.936941,Webcam,Accessories,West,2,6412.781171586099,12825.562343172198,153.94189610548304,12671.620447066714
2025-01-24 16:30:32.936941,Webcam,Accessories,South,8,4759.651707763776,38077.21366211021,3466.7767553298104,34610.4369067804
2025-01-25 16:30:32.936941,USB Drive,Peripherals,Central,6,716.6547262326164,4299.928357395698,336.5753067734103,3963.353050622288
2025-01-25 16:30:32.936941,Tablet,Electronics,South,4,15906.362458731981,63625.449834927924,3849.6353031982203,59775.8145317297
2025-01-25 16:30:32.936941,USB Drive,Peripherals,East,6,508.797091830742,3052.782550984452,35.662142847930134,3017.1204081365217
2025-01-26 16:30:32.936941,USB Drive,Peripherals,East,8,1503.7312333022762,12029.84986641821,88.6871635542897,11941.16270286392
2025-01-26 16:30:32.936941,Laptop,Electronics,West,9,67237.52998287158,605137.7698458442,48424.353566507,556713.4162793373
2025-01-26 16:30:32.936941,Monitor,Electronics,Central,9,17751.7794361111,159766.0149249999,14509.41790133283,145256.59702366707
2025-01-26 16:30:32.936941,Tablet,Electronics,North,5,40497.287684660405,202486.43842330202,16426.52189797926,186059.91652532277
2025-01-26 16:30:32.936941,USB Drive,Peripherals,East,4,1894.6875839457546,7578.750335783018,518.8565264214627,7059.893809361555
2025-01-27 16:30:32.936941,Webcam,Accessories,East,7,6346.318135988267,44424.22695191787,1263.1285396846874,43161.09841223319
2025-01-27 16:30:32.936941,Mouse,Peripherals,East,9,1544.9212700347177,13904.29143031246,617.7192094829468,13286.572220829514
2025-01-27 16:30:32.936941,USB Drive,Peripherals,East,2,1091.8266939220598,2183.6533878441196,211.71560503095984,1971.9377828131599
2025-01-27 16:30:32.936941,Headphones,Accessories,West,4,8728.70471676622,34914.81886706488,4527.071058906329,30387.74780815855
2025-01-28 16:30:32.936941,USB Drive,Peripherals,North,5,1122.8921563592307,5614.460781796153,406.17085859658954,5208.289923199563
2025-01-28 16:30:32.936941,Headphones,Accessories,West,3,3740.70870236245,11222.12610708735,449.72434022932924,10772.40176685802
2025-01-28 16:30:32.936941,Webcam,Accessories,East,3,4626.688863797719,13880.066591393157,480.39172155175766,13399.6748698414
2025-01-28 16:30:32.936941,Webcam,Accessories,East,5,7146.584874716176,35732.924373580885,2541.158043214415,33191.76633036647
2025-01-29 16:30:32.936941,Monitor,Electronics,North,2,31263.97794718462,62527.95589436924,7409.323604208774,55118.632290160465
2025-01-29 16:30:32.936941,Mouse,Peripherals,East,3,1519.7355919504762,4559.206775851429,59.12664784281324,4500.080128008615
2025-01-29 16:30:32.936941,Laptop,Electronics,Central,7,97773.49805068225,684414.4863547757,55851.29838880402,628563.1879659717
2025-01-29 16:30:32.936941,Laptop,Electronics,Central,4,53937.37924578716,215749.51698314864,14673.649912425863,201075.86707072277
2025-01-29 16:30:32.936941,USB Drive,Peripherals,East,2,1667.508843601338,3335.017687202676,282.2843188316486,3052.733368371027
2025-01-30 16:30:32.936941,Headphones,Accessories,Central,6,3338.1497455404437,20028.89847324266,1886.3131239026677,18142.585349339995
2025-01-30 16:30:32.936941,Keyboard,Peripherals,South,3,5171.469338663273,15514.40801598982,1879.267043092354,13635.140972897467
2025-01-30 16:30:32.936941,Headphones,Accessories,Central,2,8735.52678062408,17471.05356124816,2125.627698253976,15345.425862994185
2025-01-30 16:30:32.936941,Monitor,Electronics,South,2,35588.32610152879,71176.65220305759,1132.6886548667208,70043.96354819086
2025-01-31 16:30:32.936941,Mobile Phone,Electronics,North,5,55136.25007037043,275681.25035185216,16592.672076677147,259088.578275175
2025-01-31 16:30:32.936941,Monitor,Electronics,West,4,10582.037368546464,42328.149474185855,456.55174181528065,41871.597732370574
2025-01-31 16:30:32.936941,Laptop,Electronics,Central,6,92369.81404919922,554218.8842951953,60922.926847779636,493295.9574474157
2025-01-31 16:30:32.936941,Keyboard,Peripherals,South,6,6077.141115265484,36462.8466915929,4673.379705456244,31789.466986136656
2025-02-01 16:30:32.936941,Mobile Phone,Electronics,East,6,70519.01168349358,423114.0701009615,7324.292372582233,415789.77772837924
2025-02-01 16:30:32.936941,Keyboard,Peripherals,West,2,3206.316888140577,6412.633776281154,464.65903801618293,5947.97473826497
2025-02-01 16:30:32.936941,Tablet,Electronics,South,5,47445.14560354929,237225.72801774644,30816.447283419424,206409.280734327
2025-02-01 16:30:32.936941,Tablet,Electronics,Central,5,34230.00143009806,171150.0071504903,4079.9962472654947,167070.01090322481
2025-02-02 16:30:32.936941,Keyboard,Peripherals,Central,3,3486.7152294351927,10460.145688305578,455.5940708784968,10004.551617427082
2025-02-02 16:30:32.936941,Speaker,Accessories,East,8,12652.177002564405,101217.41602051524,8210.234980941541,93007.1810395737
2025-02-02 16:30:32.936941,Tablet,Electronics,East,5,32812.96233532502,164064.8116766251,20928.833061043813,143135.9786155813
2025-02-02 16:30:32.936941,USB Drive,Peripherals,East,7,1068.5087497672992,7479.561248371094,754.2568913534253,6725.304357017669
2025-02-02 16:30:32.936941,Keyboard,Peripherals,North,6,4291.411331011566,25748.467986069398,929.6970458701186,24818.77094019928
2025-02-03 16:30:32.936941,USB Drive,Peripherals,North,3,558.1991820933312,1674.5975462799934,192.60426121339808,1481.9932850665953
2025-02-03 16:30:32.936941,Tablet,Electronics,South,9,44256.09428441849,398304.8485597664,1258.112593560659,397046.7359662058
2025-02-03 16:30:32.936941,Mouse,Peripherals,Central,9,2646.8800640229597,23821.920576206638,2618.148837951355,21203.771738255284
2025-02-04 16:30:32.936941,Keyboard,Peripherals,North,1,4452.393728474109,4452.393728474109,576.3383562639069,3876.0553722102018
2025-02-04 16:30:32.936941,Mouse,Peripherals,North,9,2323.803554941096,20914.231994469865,2755.196378980493,18159.03561548937
2025-02-04 16:30:32.936941,Monitor,Electronics,Central,5,36635.137677786406,183175.68838893203,7796.291867141265,175379.39652179077
2025-02-04 16:30:32.936941,Mobile Phone,Electronics,West,8,40269.02259929384,322152.18079435074,38929.27006613049,283222.91072822025
2025-02-04 16:30:32.936941,Keyboard,Peripherals,East,4,6473.192845615351,25892.771382461404,2540.0584291028,23352.712953358605
2025-02-05 16:30:32.936941,Webcam,Accessories,West,6,2261.9655722780512,13571.793433668307,481.7303969809553,13090.063036687352
2025-02-05 16:30:32.936941,Keyboard,Peripherals,North,1,3532.817255224601,3532.817255224601,383.6582118011233,3149.1590434234777
2025-02-05 16:30:32.936941,Headphones,Accessories,West,5,5654.061377712275,28270.306888561376,519.3880863755572,27750.918802185817
2025-02-05 16:30:32.936941,Laptop,Electronics,Central,6,92767.76161071354,556606.5696642812,13540.84958587999,543065.7200784013
2025-02-06 16:30:32.936941,Speaker,Accessories,East,6,5442.6121831181445,32655.673098708867,3526.614504292011,29129.058594416856
2025-02-06 16:30:32.936941,Webcam,Accessories,South,8,5051.164590641435,40409.31672513148,1930.2639582595205,38479.05276687196
2025-02-06 16:30:32.936941,Mobile Phone,Electronics,West,6,54858.115197895546,329148.69118737325,12956.086475524167,316192.60471184907
2025-02-06 16:30:32.936941,Monitor,Electronics,West,8,20691.714978997126,165533.719831977,8062.4522743583875,157471.26755761862
2025-02-06 16:30:32.936941,Mobile Phone,Electronics,South,4,66805.04142409789,267220.16569639154,19496.585128730512,247723.58056766103
2025-02-07 16:30:32.936941,Laptop,Electronics,North,1,50584.71462567317,50584.71462567317,854.4458596270962,49730.26876604607
2025-02-07 16:30:32.936941,Monitor,Electronics,West,9,22609.999282955276,203489.99354659748,23858.24876235461,179631.74478424288
2025-02-07 16:30:32.936941,Mobile Phone,Electronics,North,5,76262.27692276206,381311.3846138103,6292.651436279954,375018.73317753035
2025-02-08 16:30:32.936941,Headphones,Accessories,Central,8,1414.6225270792083,11316.980216633667,736.8183686429699,10580.161847990697
2025-02-08 16:30:32.936941,Tablet,Electronics,West,8,35996.00258184712,287968.02065477695,19015.466873882542,268952.5537808944
2025-02-08 16:30:32.936941,USB Drive,Peripherals,East,2,1678.503724816729,3357.007449633458,205.84818065061975,3151.159268982838
2025-02-09 16:30:32.936941,Speaker,Accessories,West,8,3916.883806173715,31335.07044938972,337.157858683096,30997.912590706626
2025-02-09 16:30:32.936941,Webcam,Accessories,South,1,5024.420478490546,5024.420478490546,410.65720524608105,4613.763273244465
2025-02-09 16:30:32.936941,Mouse,Peripherals,North,8,2106.9413751496622,16855.531001197298,882.5195942332136,15973.011406964084
2025-02-10 16:30:32.936941,USB Drive,Peripherals,Central,2,1570.851400094897,3141.702800189794,71.3752254608206,3070.327574728973
2025-02-10 16:30:32.936941,Mouse,Peripherals,East,1,1606.8398192661457,1606.8398192661457,116.2603744531521,1490.5794448129936
2025-02-10 16:30:32.936941,Laptop,Electronics,East,3,51627.347801401294,154882.0434042039,5437.701970402753,149444.34143380114
2025-02-11 16:30:32.936941,Headphones,Accessories,West,4,9496.371504528346,37985.486018113384,2682.4495382345613,35303.03647987882
2025-02-11 16:30:32.936941,USB Drive,Peripherals,South,3,764.1239495475743,2292.371848642723,80.53069974552179,2211.841148897201
2025-02-11 16:30:32.936941,Keyboard,Peripherals,North,1,7061.6838169421535,7061.6838169421535,315.7182496890721,6745.965567253082
2025-02-11 16:30:32.936941,Keyboard,Peripherals,Central,9,5945.1988175614915,53506.78935805342,4967.5850070413335,48539.204351012086
2025-02-12 16:30:32.936941,Keyboard,Peripherals,North,1,2690.601928283902,2690.601928283902,51.89346928221424,2638.708459001688
2025-02-12 16:30:32.936941,Mouse,Peripherals,East,6,1962.6945409330403,11776.167245598243,125.73455511944842,11650.432690478794
2025-02-12 16:30:32.936941,Headphones,Accessories,North,7,8426.213880952771,58983.497166669404,1736.1876296908554,57247.30953697855
2025-02-12 16:30:32.936941,USB Drive,Peripherals,North,5,1831.8093977769954,9159.046988884977,251.97273088941532,8907.07425799556
2025-02-13 16:30:32.936941,Headphones,Accessories,Central,1,3516.4128938061863,3516.4128938061863,373.4155298931193,3142.997363913067
2025-02-13 16:30:32.936941,Laptop,Electronics,North,5,85636.3948834037,428181.9744170185,63182.43713120282,364999.53728581563
2025-02-13 16:30:32.936941,Keyboard,Peripherals,South,4,3893.9205397621117,15575.682159048447,1434.9148206832908,14140.767338365156
2025-02-14 16:30:32.936941,Tablet,Electronics,Central,1,45477.90103183396,45477.90103183396,2339.609616022903,43138.29141581105
2025-02-14 16:30:32.936941,Headphones,Accessories,North,2,3246.6223396952505,6493.244679390501,675.3447505429624,5817.899928847539
2025-02-15 16:30:32.936941,Speaker,Accessories,South,2,5591.106241100866,11182.212482201732,377.8020671074634,10804.41041509427
2025-02-15 16:30:32.936941,Webcam,Accessories,South,1,6923.458636003098,6923.458636003098,296.231610767221,6627.227025235877
2025-02-15 16:30:32.936941,Headphones,Accessories,East,1,5552.283003330967,5552.283003330967,533.4216753646425,5018.861327966325
2025-02-15 16:30:32.936941,Tablet,Electronics,Central,7,44257.742150577775,309804.1950540444,13588.712952663047,296215.48210138135
2025-02-16 16:30:32.936941,Laptop,Electronics,East,2,86306.97634410087,172613.95268820174,12961.086895176986,159652.86579302474
2025-02-16 16:30:32.936941,Tablet,Electronics,South,8,38647.5422352711,309180.3378821688,13573.23847325424,295607.09940891457
2025-02-17 16:30:32.936941,Speaker,Accessories,East,8,7357.25539320549,58858.04314564392,8233.08737595258,50624.95576969134
2025-02-17 16:30:32.936941,Tablet,Electronics,North,4,40203.557908869945,160814.23163547978,10718.723548643504,150095.5080868363
2025-02-18 16:30:32.936941,Laptop,Electronics,South,7,42870.328750422326,300092.30125295627,35404.55451839094,264687.74673456536
2025-02-18 16:30:32.936941,Laptop,Electronics,East,1,94866.50376924031,94866.50376924031,6729.061200432371,88137.44256880794
2025-02-19 16:30:32.936941,Headphones,Accessories,Central,4,9654.681309627764,38618.725238511055,2160.0023185161067,36458.72291999495
2025-02-19 16:30:32.936941,Keyboard,Peripherals,North,9,3616.2773613735744,32546.49625236217,3043.0051323573616,29503.491120004808
2025-02-19 16:30:32.936941,Tablet,Electronics,East,7,49102.230978341075,343715.6168483875,35339.49179395941,308376.1250544281
2025-02-19 16:30:32.936941,Laptop,Electronics,South,8,41203.16258704051,329625.3006963241,35905.56404708322,293719.7366492409
2025-02-19 16:30:32.936941,Mouse,Peripherals,Central,5,1537.9089665102601,7689.544832551301,1123.7942541622886,6565.750578389012
2025-02-20 16:30:32.936941,Mobile Phone,Electronics,North,8,76056.18748783262,608449.499902661,45564.61461200994,562884.885290651
2025-02-20 16:30:32.936941,USB Drive,Peripherals,West,2,1389.477121633241,2778.954243266482,172.75222288371054,2606.2020203827715
2025-02-20 16:30:32.936941,Keyboard,Peripherals,Central,4,6016.379265632819,24065.517062531275,57.228565003378485,24008.288497527898
2025-02-21 16:30:32.936941,Webcam,Accessories,North,5,2328.107724520193,11640.538622600965,711.322373137434,10929.21624946353
2025-02-21 16:30:32.936941,USB Drive,Peripherals,Central,1,1313.579840285658,1313.579840285658,0.15556287836011334,1313.424277407298
2025-02-22 16:30:32.936941,Headphones,Accessories,Central,2,2877.8672184258794,5755.734436851759,400.0733380656568,5355.661098786102
2025-02-22 16:30:32.936941,Laptop,Electronics,Central,9,66685.35389212075,600168.1850290868,60288.452144452676,539879.732884634
2025-02-22 16:30:32.936941,Monitor,Electronics,West,9,12631.52925159893,113683.76326439036,6446.294828930054,107237.46843546031
2025-02-23 16:30:32.936941,Laptop,Electronics,North,7,70233.32780747641,491633.2946523349,33590.969871052344,458042.3247812825
2025-02-23 16:30:32.936941,USB Drive,Peripherals,West,8,1518.351263345311,12146.810106762488,1739.3749128763927,10407.435193886096
2025-02-24 16:30:32.936941,Mouse,Peripherals,North,3,1173.3992516588444,3520.1977549765334,168.0993110423138,3352.0984439342196
2025-02-24 16:30:32.936941,USB Drive,Peripherals,West,5,655.0924049450623,3275.4620247253115,253.49416978853444,3021.9678549367773
2025-02-24 16:30:32.936941,Mobile Phone,Electronics,North,2,74356.63807557587,148713.27615115175,7493.947961903785,141219.32818924796
2025-02-25 16:30:32.936941,Keyboard,Peripherals,Central,4,2528.8606643841376,10115.44265753655,1318.6982690105115,8796.74438852604
2025-02-25 16:30:32.936941,Tablet,Electronics,North,3,31264.131395580775,93792.39418674233,9819.929616196663,83972.46457054566
2025-02-26 16:30:32.936941,Tablet,Electronics,East,8,34984.704996409244,279877.63997127395,16888.156879305407,262989.4830919685
2025-02-26 16:30:32.936941,Webcam,Accessories,Central,2,5922.667537736937,11845.335075473875,687.7105623502348,11157.62451312364
2025-02-26 16:30:32.936941,Speaker,Accessories,East,4,6989.286326789016,27957.145307156065,2020.47732788238,25936.667979273683
2025-02-26 16:30:32.936941,Mouse,Peripherals,Central,1,1726.1360212994618,1726.1360212994618,57.25962837545353,1668.8763929240083
2025-02-27 16:30:32.936941,Speaker,Accessories,East,7,7367.845464659772,51574.9182526184,381.39390879519357,51193.52434382321
2025-02-27 16:30:32.936941,USB Drive,Peripherals,Central,1,1957.9262678897085,1957.9262678897085,92.25057986957447,1865.675688020134
2025-02-27 16:30:32.936941,Webcam,Accessories,West,3,2731.335272482154,8194.005817446461,626.5428557505277,7567.462961695934
2025-02-27 16:30:32.936941,Mobile Phone,Electronics,North,6,22899.464531323814,137396.7871879429,13674.457894325073,123722.32929361782
2025-02-28 16:30:32.936941,Speaker,Accessories,South,4,5172.832142574267,20691.328570297068,1820.1939695584704,18871.1346007386
2025-02-28 16:30:32.936941,Mouse,Peripherals,West,8,1550.8384729887473,12406.707783909978,300.8087450475829,12105.899038862395
2025-02-28 16:30:32.936941,Headphones,Accessories,West,7,7585.347454508364,53097.43218155854,6228.343335049391,46869.088846509156
2025-03-01 16:30:32.936941,Keyboard,Peripherals,West,3,5455.790505159404,16367.371515478213,717.8508772660525,15649.520638212161
2025-03-01 16:30:32.936941,Mouse,Peripherals,West,2,1409.3138028392104,2818.627605678421,16.789665887694294,2801.8379397907265
2025-03-01 16:30:32.936941,Mobile Phone,Electronics,East,9,70582.21681566219,635239.9513409598,23807.566989472823,611432.3843514869
2025-03-01 16:30:32.936941,Mouse,Peripherals,East,4,2554.123334700181,10216.493338800725,1216.6244509496426,8999.868887851082
2025-03-02 16:30:32.936941,Monitor,Electronics,East,5,39191.36048542483,195956.80242712417,2961.4807706636343,192995.32165646055
2025-03-02 16:30:32.936941,Tablet,Electronics,West,3,30366.452108740177,91099.35632622053,8783.440025531148,82315.91630068938
2025-03-03 16:30:32.936941,Mobile Phone,Electronics,North,7,35427.11023992167,247989.7716794517,16203.248376242449,231786.52330320925
2025-03-03 16:30:32.936941,Mobile Phone,Electronics,North,2,24150.451430325033,48300.902860650065,5634.399646663107,42666.50321398696
2025-03-03 16:30:32.936941,Mouse,Peripherals,North,2,2710.6129348223853,5421.225869644771,793.7311660199623,4627.494703624809
2025-03-04 16:30:32.936941,Keyboard,Peripherals,South,8,6805.481037108201,54443.84829686561,4935.721827494243,49508.12646937137
2025-03-04 16:30:32.936941,Speaker,Accessories,North,3,6303.2113734336335,18909.6341203009,887.1286384118549,18022.505481889046
2025-03-04 16:30:32.936941,Webcam,Accessories,Central,3,7601.692267010564,22805.076801031693,2967.0133738135296,19838.063427218163
2025-03-04 16:30:32.936941,Speaker,Accessories,East,3,10982.367761483425,32947.10328445028,4326.142113762311,28620.961170687966
2025-03-05 16:30:32.936941,Mobile Phone,Electronics,West,3,53068.48017168403,159205.4405150521,21388.922641624828,137816.51787342725
2025-03-05 16:30:32.936941,Keyboard,Peripherals,West,8,5218.3551546789795,41746.841237431836,571.4202788842724,41175.42095854756
2025-03-06 16:30:32.936941,Laptop,Electronics,East,7,88342.2875488722,618396.0128421055,18369.232172402415,600026.780669703
2025-03-06 16:30:32.936941,Webcam,Accessories,East,5,4008.9100682807066,20044.550341403534,993.1303607079659,19051.41998069557
2025-03-06 16:30:32.936941,Keyboard,Peripherals,North,6,5902.475735437916,35414.854412627494,2164.2297571579315,33250.62465546956
2025-03-07 16:30:32.936941,Webcam,Accessories,Central,5,2095.0284256692453,10475.142128346226,876.4710521564032,9598.671076189823
2025-03-07 16:30:32.936941,Headphones,Accessories,South,1,9807.886732041685,9807.886732041685,247.54190693252238,9560.344825109163
2025-03-07 16:30:32.936941,USB Drive,Peripherals,South,9,1385.639154661837,12470.752391956532,1314.5512990177622,11156.201092938769
2025-03-08 16:30:32.936941,Mobile Phone,Electronics,East,4,20318.850149291724,81275.4005971669,4763.790803283275,76511.60979388362
2025-03-08 16:30:32.936941,Speaker,Accessories,East,7,9978.203604068714,69847.425228481,896.836254806958,68950.58897367405
2025-03-09 16:30:32.936941,Mobile Phone,Electronics,East,3,59427.1303436764,178281.3910310292,19848.094249612364,158433.29678141684
2025-03-09 16:30:32.936941,Webcam,Accessories,South,3,2765.4089081857055,8296.226724557117,1124.0986430047794,7172.128081552337
2025-03-09 16:30:32.936941,Mouse,Peripherals,Central,5,2044.2364654714772,10221.182327357386,1208.5656940274473,9012.616633329939
2025-03-09 16:30:32.936941,Webcam,Accessories,Central,9,7915.535953820106,71239.82358438095,6838.556996589023,64401.26658779193
2025-03-10 16:30:32.936941,Speaker,Accessories,North,2,6434.226115636223,12868.452231272446,1373.7369876996788,11494.715243572768
2025-03-10 16:30:32.936941,Webcam,Accessories,East,5,6714.8509054661,33574.2545273305,2328.9964326066593,31245.258094723842
2025-03-10 16:30:32.936941,Laptop,Electronics,South,8,50199.38878105824,401595.1102484659,44048.22333533279,357546.8869131331
2025-03-11 16:30:32.936941,Monitor,Electronics,East,7,24691.12095573565,172837.84669014954,13683.76322770696,159154.0834624426
2025-03-11 16:30:32.936941,Keyboard,Peripherals,East,9,6463.468117492031,58171.21305742828,1364.0984115486053,56807.11464587967
2025-03-11 16:30:32.936941,Laptop,Electronics,South,4,81354.64119772139,325418.56479088555,28659.587044977365,296758.9777459082
2025-03-11 16:30:32.936941,Tablet,Electronics,Central,7,32202.99790411393,225420.9853287975,24198.807028974123,201222.1782998234
2025-03-11 16:30:32.936941,Mouse,Peripherals,North,9,1292.5024243357598,11632.521819021838,1452.6088955289883,10179.91292349285
2025-03-12 16:30:32.936941,Tablet,Electronics,North,7,15055.462556321903,105388.23789425333,5029.98266698841,100358.25522726492
2025-03-12 16:30:32.936941,Mobile Phone,Electronics,Central,9,54309.72627096146,488787.53643865313,9555.108127138998,479232.42831151414
2025-03-12 16:30:32.936941,Headphones,Accessories,West,6,9653.497113134326,57920.98267880596,1797.0313052038275,56123.95137360213
2025-03-13 16:30:32.936941,Mouse,Peripherals,West,9,1196.1632272883649,10765.469045595284,1482.42205949278,9283.046986102505
2025-03-13 16:30:32.936941,Keyboard,Peripherals,South,8,7754.208411696701,62033.667293573606,2351.041892113319,59682.62540146029
2025-03-14 16:30:32.936941,Keyboard,Peripherals,East,3,7176.153318495872,21528.459955487615,3087.8953868064314,18440.564568681184
2025-03-14 16:30:32.936941,Keyboard,Peripherals,Central,6,2388.780117740029,14332.680706440173,1718.2836618962876,12614.397044543884
2025-03-14 16:30:32.936941,Webcam,Accessories,North,1,3855.9453461493376,3855.9453461493376,162.31731872831574,3693.628027421022
2025-03-14 16:30:32.936941,Laptop,Electronics,South,6,49201.889644944735,295211.3378696684,14139.894503321731,281071.44336634665
2025-03-15 16:30:32.936941,Tablet,Electronics,Central,9,27476.68347967256,247290.15131705304,19655.68321005282,227634.46810700023
2025-03-15 16:30:32.936941,Laptop,Electronics,North,5,80802.76338245619,404013.816912281,28529.176651090864,375484.6402611901
2025-03-15 16:30:32.936941,Monitor,Electronics,West,1,21941.645220368133,21941.645220368133,3010.123080255952,18931.52214011218
2025-03-15 16:30:32.936941,Mouse,Peripherals,West,1,2570.5318947164856,2570.5318947164856,340.0253838027628,2230.5065109137227
2025-03-15 16:30:32.936941,Webcam,Accessories,West,7,7995.8976091382765,55971.28326396793,2250.1421420375204,53721.141121930414
2025-03-16 16:30:32.936941,Mouse,Peripherals,East,2,546.6164660369573,1093.2329320739145,130.78495541341266,962.4479766605018
2025-03-16 16:30:32.936941,Headphones,Accessories,Central,3,9165.188505493708,27495.565516481125,1725.4692499189484,25770.096266562177
2025-03-17 16:30:32.936941,Mobile Phone,Electronics,East,7,72763.81959835306,509346.7371884714,43674.18693338657,465672.5502550849
2025-03-17 16:30:32.936941,Mouse,Peripherals,North,3,2990.031958455621,8970.095875366864,27.45066058276803,8942.645214784096
2025-03-17 16:30:32.936941,Monitor,Electronics,Central,2,24017.240332265115,48034.48066453023,4003.9491557523597,44030.53150877787
2025-03-17 16:30:32.936941,USB Drive,Peripherals,Central,3,1304.2884189233064,3912.865256769919,53.49121915778617,3859.374037612133
2025-03-18 16:30:32.936941,Monitor,Electronics,North,5,21143.900180034143,105719.50090017071,6877.958008786769,98841.54289138394
2025-03-18 16:30:32.936941,Headphones,Accessories,West,6,9649.18842188692,57895.13053132152,4450.165095130108,53444.965436191414
2025-03-18 16:30:32.936941,Webcam,Accessories,North,7,3057.1664369854852,21400.165058898398,1945.970430746332,19454.194628152065
2025-03-18 16:30:32.936941,Laptop,Electronics,South,6,81194.45752448705,487166.7451469223,432.90115278954886,486733.84399413277
2025-03-18 16:30:32.936941,Monitor,Electronics,South,3,20495.507082725646,61486.52124817694,7964.47082526072,53522.05042291622
2025-03-19 16:30:32.936941,Tablet,Electronics,East,8,40102.6730853647,320821.3846829176,39637.125211135986,281184.2594717816
2025-03-19 16:30:32.936941,Monitor,Electronics,East,8,31732.670208079453,253861.36166463562,28305.525841187773,225555.83582344785
2025-03-19 16:30:32.936941,Mobile Phone,Electronics,North,8,43151.56681016654,345212.53448133235,2792.730542043235,342419.8039392891
2025-03-20 16:30:32.936941,USB Drive,Peripherals,West,9,760.3582162271596,6843.223946044436,236.59916856053178,6606.624777483905
2025-03-20 16:30:32.936941,Tablet,Electronics,South,8,40782.815632867576,326262.5250629406,12774.58071786749,313487.94434507313
2025-03-20 16:30:32.936941,Mouse,Peripherals,Central,9,815.9253548675129,7343.328193807616,373.3751123576648,6969.953081449951
2025-03-20 16:30:32.936941,Headphones,Accessories,Central,4,5070.47061060225,20281.882442409,1549.198748906236,18732.683693502764
2025-03-21 16:30:32.936941,Speaker,Accessories,East,4,3909.8158172980507,15639.263269192203,1766.0255496799844,13873.237719512219
2025-03-21 16:30:32.936941,Mobile Phone,Electronics,West,4,66071.65538755132,264286.6215502053,23238.023096153087,241048.5984540522
2025-03-21 16:30:32.936941,Laptop,Electronics,West,4,58842.64018105865,235370.5607242346,18861.90630233382,216508.65442190078
2025-03-22 16:30:32.936941,Laptop,Electronics,West,1,75005.32091098011,75005.32091098011,3963.6826721584075,71041.6382388217
2025-03-22 16:30:32.936941,Mobile Phone,Electronics,East,2,20501.939599048652,41003.879198097304,3054.6570439698926,37949.22215412741
2025-03-22 16:30:32.936941,Webcam,Accessories,West,1,7166.052927848082,7166.052927848082,661.7395515458743,6504.313376302207
2025-03-22 16:30:32.936941,Webcam,Accessories,West,5,2675.024799428549,13375.123997142746,190.3632515395861,13184.76074560316
2025-03-22 16:30:32.936941,Mouse,Peripherals,East,1,652.2805671788177,652.2805671788177,38.694590548857576,613.5859766299601
2025-03-23 16:30:32.936941,Mobile Phone,Electronics,West,8,20582.021295382532,164656.17036306026,18658.111236289664,145998.0591267706
2025-03-23 16:30:32.936941,Laptop,Electronics,East,3,71889.15563827028,215667.46691481085,26872.908441827996,188794.55847298284
2025-03-23 16:30:32.936941,Tablet,Electronics,Central,1,30532.42527488175,30532.42527488175,2718.6554386038024,27813.76983627795
2025-03-23 16:30:32.936941,USB Drive,Peripherals,East,6,721.3277702430498,4327.966621458299,445.7285195842611,3882.2381018740384
2025-03-24 16:30:32.936941,Mobile Phone,Electronics,West,2,77863.00512704227,155726.01025408454,6494.9133351139435,149231.0969189706
2025-03-24 16:30:32.936941,Mobile Phone,Electronics,South,7,53889.149773183766,377224.0484122864,25492.982583681394,351731.065828605
2025-03-25 16:30:32.936941,Mouse,Peripherals,Central,5,791.1138102117786,3955.569051058893,254.89849743525977,3700.670553623633
2025-03-25 16:30:32.936941,Mouse,Peripherals,Central,9,2434.118487638335,21907.066388745014,2306.640587162743,19600.42580158227
2025-03-25 16:30:32.936941,Mobile Phone,Electronics,West,3,69079.08626463232,207237.25879389697,30392.77848264406,176844.4803112529
2025-03-26 16:30:32.936941,Monitor,Electronics,East,4,23081.448939177637,92325.79575671055,8025.923467759014,84299.87228895153
2025-03-26 16:30:32.936941,Headphones,Accessories,East,6,9230.118857928472,55380.71314757083,6602.469970509413,48778.24317706142
2025-03-27 16:30:32.936941,Tablet,Electronics,North,7,45540.09067541756,318780.6347279229,26794.4036923692,291986.23103555373
2025-03-27 16:30:32.936941,Speaker,Accessories,North,4,7522.799576363045,30091.19830545218,2996.1733574694335,27095.024947982747
2025-03-27 16:30:32.936941,Speaker,Accessories,Central,6,9482.143601804342,56892.861610826054,7331.757699447917,49561.10391137814
2025-03-27 16:30:32.936941,Headphones,Accessories,East,6,9498.066214278306,56988.39728566984,7953.015708274986,49035.38157739485
2025-03-27 16:30:32.936941,Keyboard,Peripherals,South,9,6934.515288584449,62410.63759726004,6604.507881749362,55806.12971551068
2025-03-28 16:30:32.936941,Headphones,Accessories,North,2,6625.2410902929605,13250.482180585921,1195.3473082683247,12055.134872317596
2025-03-28 16:30:32.936941,Tablet,Electronics,East,8,25112.795583015395,200902.36466412316,4080.895072274612,196821.46959184855
2025-03-28 16:30:32.936941,Headphones,Accessories,South,2,5437.690388088166,10875.380776176333,917.6300230215651,9957.750753154767
2025-03-29 16:30:32.936941,Webcam,Accessories,South,3,5509.95640163493,16529.86920490479,1709.01070233165,14820.858502573139
2025-03-29 16:30:32.936941,Mobile Phone,Electronics,South,7,34676.976443135965,242738.83510195176,22478.3777595122,220260.45734243956
2025-03-29 16:30:32.936941,USB Drive,Peripherals,West,5,1676.758403444326,8383.792017221629,1029.0876808557166,7354.704336365912
2025-03-29 16:30:32.936941,Webcam,Accessories,Central,4,4211.374814166284,16845.499256665134,2425.7819137092415,14419.717342955893
2025-03-29 16:30:32.936941,USB Drive,Peripherals,Central,1,1432.7368468856237,1432.7368468856237,126.86451497881026,1305.8723319068133
2025-03-30 16:30:32.936941,Webcam,Accessories,East,8,3864.980606164968,30919.844849319743,4564.885538683536,26354.959310636208
2025-03-30 16:30:32.936941,Keyboard,Peripherals,South,4,6302.057187970885,25208.22875188354,1674.8490431073822,23533.37970877616
2025-03-30 16:30:32.936941,USB Drive,Peripherals,North,8,1863.376616182181,14907.012929457447,899.7214253064054,14007.291504151042
2025-03-30 16:30:32.936941,USB Drive,Peripherals,West,6,899.5664621450358,5397.398772870214,325.95817248610587,5071.440600384109
2025-03-30 16:30:32.936941,Monitor,Electronics,East,6,32723.87570022066,196343.25420132396,9973.548289418364,186369.7059119056
2025-03-31 16:30:32.936941,Webcam,Accessories,North,5,5206.313385411579,26031.566927057895,3251.1175870470524,22780.44934001084
2025-03-31 16:30:32.936941,Keyboard,Peripherals,Central,7,2598.8753693690874,18192.12758558361,1875.7627488932546,16316.364836690356
2025-03-31 16:30:32.936941,Mobile Phone,Electronics,East,8,22685.086035574288,181480.6882845943,19585.492916854302,161895.19536774
2025-03-31 16:30:32.936941,USB Drive,Peripherals,West,9,1723.7307848944502,15513.577064050052,1497.865114732549,14015.711949317503
2025-04-01 16:30:32.936941,Laptop,Electronics,North,8,64246.590864577425,513972.7269166194,72734.44754113855,441238.27937548084
2025-04-01 16:30:32.936941,Keyboard,Peripherals,East,4,2666.7516932132794,10667.006772853118,429.9348852242092,10237.071887628908
2025-04-01 16:30:32.936941,Mobile Phone,Electronics,North,5,62499.442944678216,312497.2147233911,41468.77031000697,271028.44441338413
2025-04-01 16:30:32.936941,Webcam,Accessories,Central,2,7438.348894172956,14876.697788345911,1182.9553580892928,13693.742430256618
2025-04-01 16:30:32.936941,Speaker,Accessories,West,9,8137.517675032132,73237.65907528918,2759.1380058859163,70478.52106940326
2025-04-02 16:30:32.936941,USB Drive,Peripherals,Central,4,943.4034162563319,3773.6136650253275,331.64268034763285,3441.9709846776946
2025-04-02 16:30:32.936941,Speaker,Accessories,North,6,8907.300304751285,53443.80182850771,6343.934720898778,47099.86710760894
2025-04-02 16:30:32.936941,USB Drive,Peripherals,Central,7,1814.4709548732633,12701.296684112844,572.8074735771004,12128.489210535743
2025-04-02 16:30:32.936941,Headphones,Accessories,East,7,8911.992015036683,62383.944105256785,881.862713494862,61502.08139176192
2025-04-03 16:30:32.936941,Webcam,Accessories,West,6,3872.769661268636,23236.617967611815,43.899913534568746,23192.718054077246
2025-04-03 16:30:32.936941,Speaker,Accessories,South,1,2921.3321085133566,2921.3321085133566,115.8619147756207,2805.470193737736
2025-04-03 16:30:32.936941,Laptop,Electronics,West,6,90047.52599483475,540285.1559690086,4823.053396916032,535462.1025720926
2025-04-03 16:30:32.936941,Mobile Phone,Electronics,East,5,31332.211205771266,156661.0560288563,4022.6974117859963,152638.3586170703
2025-04-03 16:30:32.936941,Mobile Phone,Electronics,Central,2,24170.526286915174,48341.05257383035,2052.200704060988,46288.85186976936
2025-04-04 16:30:32.936941,Tablet,Electronics,North,8,28306.824929131213,226454.5994330497,27622.325614411482,198832.27381863823
2025-04-04 16:30:32.936941,Headphones,Accessories,West,9,8517.758147726052,76659.82332953447,7422.719465097366,69237.1038644371
2025-04-04 16:30:32.936941,USB Drive,Peripherals,Central,7,1848.8754604723472,12942.12822330643,361.7003417783984,12580.427881528032
2025-04-04 16:30:32.936941,Speaker,Accessories,Central,5,7559.993244434994,37799.966222174975,1217.547071446441,36582.419150728536
2025-04-04 16:30:32.936941,Tablet,Electronics,East,5,49314.502608148236,246572.51304074118,35452.649870816604,211119.8631699246
2025-04-05 16:30:32.936941,Keyboard,Peripherals,East,2,4941.332313518297,9882.664627036595,995.7943460071748,8886.87028102942
2025-04-05 16:30:32.936941,Mouse,Peripherals,West,5,2909.859335672358,14549.29667836179,45.681946074059425,14503.614732287731
2025-04-05 16:30:32.936941,Keyboard,Peripherals,Central,9,3386.914352042945,30482.229168386508,1903.88423312817,28578.344935258338
2025-04-05 16:30:32.936941,Laptop,Electronics,East,8,45880.3248922565,367042.599138052,48544.459012495565,318498.14012555644
2025-04-05 16:30:32.936941,Mobile Phone,Electronics,East,4,61442.062369949956,245768.24947979982,3774.796181565524,241993.4532982343
2025-04-06 16:30:32.936941,Mobile Phone,Electronics,Central,1,42809.0085174602,42809.0085174602,860.0836203200431,41948.924897140154
2025-04-06 16:30:32.936941,Mouse,Peripherals,East,2,1614.8682633014346,3229.736526602869,74.26593135067849,3155.470595252191
2025-04-06 16:30:32.936941,Monitor,Electronics,Central,5,33174.935382889416,165874.67691444707,12279.101434220978,153595.5754802261
2025-04-07 16:30:32.936941,Tablet,Electronics,East,7,23619.475693611064,165336.32985527744,4723.41913263079,160612.91072264666
2025-04-07 16:30:32.936941,Mobile Phone,Electronics,Central,5,48255.249585058125,241276.24792529063,30526.723369461848,210749.52455582877
2025-04-07 16:30:32.936941,Tablet,Electronics,East,2,25016.330477926756,50032.66095585351,2414.0444060272957,47618.61654982622
2025-04-08 16:30:32.936941,Monitor,Electronics,West,7,27695.03183319267,193865.22283234866,15105.458208559552,178759.76462378912
2025-04-08 16:30:32.936941,Tablet,Electronics,Central,5,43604.0744145633,218020.3720728165,7171.625862827487,210848.746209989
2025-04-08 16:30:32.936941,Mobile Phone,Electronics,East,6,47319.10460371571,283914.62762229424,14007.770452245812,269906.8571700484
2025-04-08 16:30:32.936941,Speaker,Accessories,West,7,2130.924752819681,14916.473269737768,244.77915957605634,14671.694110161712
2025-04-08 16:30:32.936941,Keyboard,Peripherals,South,3,6332.766482563989,18998.299447691967,2039.378772736541,16958.920674955425
2025-04-09 16:30:32.936941,Speaker,Accessories,North,6,3908.4212128019535,23450.52727681172,61.31332241181537,23389.213954399907
2025-04-09 16:30:32.936941,Mouse,Peripherals,Central,3,2339.8384798436136,7019.515439530841,215.3062219489183,6804.2092175819225
2025-04-09 16:30:32.936941,Keyboard,Peripherals,North,6,6951.579409470087,41709.47645682052,2473.516962273535,39235.95949454699
2025-04-09 16:30:32.936941,Keyboard,Peripherals,East,8,3769.5425126773735,30156.340101418988,2928.6944445390186,27227.64565687997
2025-04-10 16:30:32.936941,Tablet,Electronics,South,3,49484.449583531554,148453.34875059465,14631.529004165472,133821.8197464292
2025-04-10 16:30:32.936941,Keyboard,Peripherals,West,2,4599.445536577465,9198.89107315493,735.9962258922579,8462.89484726267
2025-04-10 16:30:32.936941,Headphones,Accessories,South,2,6538.606792383159,13077.213584766318,174.98598342171823,12902.227601344599
2025-04-11 16:30:32.936941,Tablet,Electronics,South,8,23849.924256689555,190799.39405351644,11869.700972253248,178929.6930812632
2025-04-11 16:30:32.936941,Mobile Phone,Electronics,East,4,66570.28952241343,266281.1580896537,10367.081003893023,255914.07708576068
2025-04-11 16:30:32.936941,Mobile Phone,Electronics,Central,8,35111.20174074254,280889.6139259403,31653.722365437185,249235.8915605031
2025-04-11 16:30:32.936941,Speaker,Accessories,Central,6,13640.365245524847,81842.19147314908,12221.28717002981,69620.90430311927
2025-04-12 16:30:32.936941,Laptop,Electronics,East,4,40896.99826625433,163587.99306501733,9982.367329990335,153605.625735027
2025-04-12 16:30:32.936941,Webcam,Accessories,South,1,7216.117087536775,7216.117087536775,523.1448005320044,6692.972287004771
2025-04-13 16:30:32.936941,Webcam,Accessories,West,7,7464.787466293206,52253.51226405244,1368.3939576590003,50885.118306393444
2025-04-13 16:30:32.936941,Tablet,Electronics,South,2,21014.990441266273,42029.980882532545,3547.348505721729,38482.63237681082
2025-04-13 16:30:32.936941,Tablet,Electronics,Central,6,38568.701766044236,231412.21059626542,24954.576789600218,206457.6338066652
2025-04-13 16:30:32.936941,Tablet,Electronics,West,4,38793.63438269895,155174.5375307958,9112.15291608923,146062.38461470656
2025-04-14 16:30:32.936941,Laptop,Electronics,West,9,40014.452471071985,360130.07223964785,11453.640767727744,348676.4314719201
2025-04-14 16:30:32.936941,Keyboard,Peripherals,South,2,3022.9831456916563,6045.966291383313,282.3519851904079,5763.614306192905
2025-04-14 16:30:32.936941,USB Drive,Peripherals,Central,1,1811.7579425571155,1811.7579425571155,14.64759835667951,1797.110344200436
2025-04-15 16:30:32.936941,Monitor,Electronics,West,8,18093.881736770927,144751.05389416742,5456.557884829936,139294.49600933748
2025-04-15 16:30:32.936941,Headphones,Accessories,Central,8,7002.148480157893,56017.18784126314,4751.291321161706,51265.896520101436
2025-04-15 16:30:32.936941,Headphones,Accessories,East,2,1599.6519856933724,3199.3039713867447,398.3984025725218,2800.905568814223
2025-04-15 16:30:32.936941,USB Drive,Peripherals,South,7,1218.8243861502742,8531.77070305192,101.9225884921025,8429.848114559816
2025-04-15 16:30:32.936941,Keyboard,Peripherals,Central,3,7333.807428204301,22001.4222846129,1098.6809419264187,20902.741342686484
2025-04-16 16:30:32.936941,USB Drive,Peripherals,West,3,1891.7150924715445,5675.145277414634,11.985620188122786,5663.159657226511
2025-04-16 16:30:32.936941,Monitor,Electronics,West,6,32477.089918074016,194862.53950844408,8157.485755424846,186705.05375301922
2025-04-17 16:30:32.936941,Speaker,Accessories,Central,6,12009.899655843154,72059.39793505892,5612.274986711734,66447.12294834718
2025-04-17 16:30:32.936941,Mouse,Peripherals,South,1,502.35760631872586,502.35760631872586,34.67824426637897,467.6793620523469
2025-04-17 16:30:32.936941,Headphones,Accessories,Central,5,4069.153838072827,20345.769190364135,1857.1658094688898,18488.603380895245
2025-04-17 16:30:32.936941,Tablet,Electronics,East,6,46495.00486472182,278970.0291883309,26489.413832798266,252480.61535553267
2025-04-17 16:30:32.936941,Laptop,Electronics,West,7,43410.43424274331,303873.03969920316,34518.256115403055,269354.7835838001
2025-04-18 16:30:32.936941,Keyboard,Peripherals,Central,8,4205.696495840488,33645.5719667239,3062.7218005617565,30582.850166162145
2025-04-18 16:30:32.936941,Mobile Phone,Electronics,Central,8,40265.359227933746,322122.87382346997,34036.644200919625,288086.22962255037
2025-04-19 16:30:32.936941,Mobile Phone,Electronics,East,9,30301.639587709473,272714.75628938526,2984.9311696007476,269729.8251197845
2025-04-19 16:30:32.936941,Mobile Phone,Electronics,South,8,20933.75277552296,167470.02220418368,20784.30739122223,146685.71481296147
2025-04-19 16:30:32.936941,Monitor,Electronics,West,8,36033.461331782906,288267.69065426325,36541.45981865036,251726.2308356129
2025-04-19 16:30:32.936941,Speaker,Accessories,South,5,13718.199235980032,68590.99617990016,5695.085226448697,62895.910953451465
2025-04-20 16:30:32.936941,Mouse,Peripherals,North,2,1745.376800627871,3490.753601255742,268.68758165418757,3222.0660196015547
2025-04-20 16:30:32.936941,Headphones,Accessories,West,6,7206.721677236089,43240.330063416535,5779.42810296629,37460.90196045025
2025-04-20 16:30:32.936941,Keyboard,Peripherals,North,7,5597.606019233996,39183.24213463798,5461.834317905886,33721.40781673209
2025-04-20 16:30:32.936941,Mouse,Peripherals,North,5,2627.777064618887,13138.885323094435,1270.3262058299244,11868.55911726451
2025-04-21 16:30:32.936941,Mouse,Peripherals,Central,8,2941.225085110623,23529.800680884982,2489.6195959012243,21040.181084983757
2025-04-21 16:30:32.936941,Keyboard,Peripherals,South,7,4574.376378909783,32020.63465236848,1838.5975032192628,30182.03714914922
2025-04-21 16:30:32.936941,Mouse,Peripherals,North,8,2578.541554825778,20628.332438606223,1471.397875721878,19156.934562884344
2025-04-21 16:30:32.936941,Keyboard,Peripherals,South,4,6953.8195925158225,27815.27837006329,3848.6704947793914,23966.6078752839
2025-04-22 16:30:32.936941,Laptop,Electronics,East,2,54138.64236528531,108277.28473057062,15500.478475817969,92776.80625475265
2025-04-22 16:30:32.936941,Mobile Phone,Electronics,East,5,38608.83326544812,193044.1663272406,24039.296803468216,169004.86952377236
2025-04-23 16:30:32.936941,Tablet,Electronics,South,6,28115.585788751596,168693.51473250956,3635.976339981793,165057.53839252776
2025-04-23 16:30:32.936941,Laptop,Electronics,East,6,92987.16440048651,557922.986402919,23371.27768849058,534551.7087144285
2025-04-24 16:30:32.936941,USB Drive,Peripherals,South,6,946.3201420149953,5677.920852089972,331.6201117922008,5346.300740297771
2025-04-24 16:30:32.936941,USB Drive,Peripherals,West,8,1933.4320696720342,15467.456557376274,562.1893166534024,14905.267240722871
2025-04-24 16:30:32.936941,Webcam,Accessories,North,1,3500.340551060919,3500.340551060919,218.97188632650565,3281.3686647344134
2025-04-25 16:30:32.936941,Mobile Phone,Electronics,North,7,27592.667522804488,193148.6726596314,14126.84866502733,179021.82399460408
2025-04-25 16:30:32.936941,Monitor,Electronics,South,4,19520.6225080077,78082.4900320308,7020.7292177817,71061.7608142491
2025-04-25 16:30:32.936941,Tablet,Electronics,Central,3,15074.932177091632,45224.7965312749,3413.759929328595,41811.0366019463
2025-04-25 16:30:32.936941,Webcam,Accessories,Central,3,4078.597093825495,12235.791281476486,35.32894560596292,12200.462335870523
2025-04-25 16:30:32.936941,Mouse,Peripherals,North,5,1863.407130334104,9317.03565167052,905.2092812596646,8411.826370410856
2025-04-26 16:30:32.936941,Monitor,Electronics,South,8,15869.988868760272,126959.91095008218,2932.281270133941,124027.62967994824
2025-04-26 16:30:32.936941,Monitor,Electronics,North,7,34770.143379384346,243391.0036556904,16364.147652672073,227026.85600301833
2025-04-26 16:30:32.936941,Laptop,Electronics,South,4,84744.29890247138,338977.1956098855,34085.18952591545,304892.0060839701
2025-04-26 16:30:32.936941,Mouse,Peripherals,Central,2,2827.647577218,5655.295154436,224.93051115314796,5430.364643282853
2025-04-26 16:30:32.936941,USB Drive,Peripherals,North,7,1854.3515167450566,12980.460617215396,490.24951538082126,12490.211101834575
2025-04-27 16:30:32.936941,Mobile Phone,Electronics,West,6,51439.59004788003,308637.5402872802,36966.87452040501,271670.6657668752
2025-04-27 16:30:32.936941,Webcam,Accessories,Central,2,7751.39200786218,15502.78401572436,1708.5029287548966,13794.281086969464
2025-04-28 16:30:32.936941,Laptop,Electronics,Central,3,55140.04026479366,165420.12079438096,19768.746603423395,145651.37419095758
2025-04-28 16:30:32.936941,Webcam,Accessories,South,5,5190.941064864831,25954.705324324153,241.8684108129915,25712.83691351116
2025-04-29 16:30:32.936941,Tablet,Electronics,East,8,37384.673431188625,299077.387449509,14458.782949037923,284618.6045004711
2025-04-29 16:30:32.936941,Mouse,Peripherals,North,9,1580.6782194704215,14226.103975233793,151.5224757589679,14074.581499474825
2025-04-30 16:30:32.936941,Webcam,Accessories,East,5,5552.739418106111,27763.697090530553,3412.9270882992687,24350.770002231286
2025-04-30 16:30:32.936941,Headphones,Accessories,Central,4,6929.075059128216,27716.300236512863,529.2117097694163,27187.088526743446
2025-05-01 16:30:32.936941,Mouse,Peripherals,South,7,522.0796085568362,3654.5572598978533,546.6635880667553,3107.893671831098
2025-05-01 16:30:32.936941,Mobile Phone,Electronics,Central,4,46044.26490895882,184177.0596358353,26976.858975857067,157200.20065997823
2025-05-01 16:30:32.936941,Keyboard,Peripherals,North,6,4943.536949169191,29661.221695015145,620.7802155858119,29040.441479429333
2025-05-01 16:30:32.936941,Speaker,Accessories,Central,6,2737.1604678106064,16422.962806863638,518.8795411284714,15904.083265735166
2025-05-02 16:30:32.936941,Speaker,Accessories,Central,1,11774.391176799481,11774.391176799481,615.1082337353392,11159.282943064141
2025-05-02 16:30:32.936941,Speaker,Accessories,North,4,2309.0971299245207,9236.388519698083,420.3064023754154,8816.082117322667
2025-05-03 16:30:32.936941,Mouse,Peripherals,West,6,2206.2325843428716,13237.39550605723,1424.2051450847684,11813.190360972461
2025-05-03 16:30:32.936941,Laptop,Electronics,West,4,55932.651088194485,223730.60435277794,22800.16735331024,200930.4369994677
2025-05-03 16:30:32.936941,Keyboard,Peripherals,East,2,2675.3201135155678,5350.6402270311355,573.7042266044373,4776.936000426698
2025-05-04 16:30:32.936941,Laptop,Electronics,East,5,70748.48224717102,353742.4112358551,3902.6885670931606,349839.7226687619
2025-05-04 16:30:32.936941,Mobile Phone,Electronics,East,7,66308.32810869408,464158.2967608586,30596.030825734106,433562.26593512454
2025-05-05 16:30:32.936941,Headphones,Accessories,North,2,3189.7173518467043,6379.434703693409,926.159878199858,5453.27482549355
2025-05-05 16:30:32.936941,Webcam,Accessories,East,7,5228.477257244325,36599.34080071028,3635.3350356881374,32964.00576502214
2025-05-05 16:30:32.936941,Tablet,Electronics,North,8,41241.350754396335,329930.8060351707,46995.450267530214,282935.35576764046
2025-05-06 16:30:32.936941,Keyboard,Peripherals,Central,1,6253.800816552957,6253.800816552957,566.4798996914218,5687.320916861536
2025-05-06 16:30:32.936941,Keyboard,Peripherals,South,7,2960.8752481528236,20726.126737069764,1637.2881448380804,19088.838592231685
2025-05-06 16:30:32.936941,USB Drive,Peripherals,West,8,1336.6471386470926,10693.17710917674,1037.0271477842177,9656.149961392523
2025-05-07 16:30:32.936941,Tablet,Electronics,South,3,16675.29596171375,50025.887885141245,3620.259475096099,46405.628410045145
2025-05-07 16:30:32.936941,Mobile Phone,Electronics,West,9,66285.79933957619,596572.1940561857,27930.26913675793,568641.9249194277
2025-05-08 16:30:32.936941,Laptop,Electronics,East,3,59052.739459320284,177158.21837796085,18794.74865802523,158363.46971993562
2025-05-08 16:30:32.936941,Headphones,Accessories,North,1,4138.325297586805,4138.325297586805,612.2549909715309,3526.0703066152746
2025-05-09 16:30:32.936941,Headphones,Accessories,North,3,6799.291304433106,20397.873913299318,2142.7141060806407,18255.159807218675
2025-05-09 16:30:32.936941,Keyboard,Peripherals,East,8,6808.033276598887,54464.266212791095,869.6384723874176,53594.62774040368
2025-05-09 16:30:32.936941,Speaker,Accessories,West,3,10461.424887445104,31384.274662335312,4023.1857715999618,27361.08889073535
2025-05-10 16:30:32.936941,Speaker,Accessories,West,1,6874.53913796888,6874.53913796888,818.3360617072428,6056.203076261637
2025-05-10 16:30:32.936941,Monitor,Electronics,North,5,38486.12311340956,192430.6155670478,1116.6255495925373,191313.99001745525
2025-05-11 16:30:32.936941,Headphones,Accessories,East,8,6266.982964518597,50135.86371614878,7010.209937385842,43125.653778762935
2025-05-11 16:30:32.936941,Keyboard,Peripherals,North,3,6413.4664450633945,19240.399335190185,505.6445140691173,18734.754821121067
2025-05-12 16:30:32.936941,Keyboard,Peripherals,East,3,2331.049816406521,6993.149449219563,688.3775472038496,6304.771902015714
2025-05-12 16:30:32.936941,Mobile Phone,Electronics,East,6,29622.454110000323,177734.72466000193,16528.430716744395,161206.29394325754
2025-05-12 16:30:32.936941,Mouse,Peripherals,West,2,525.1841549830787,1050.3683099661573,145.45639570213436,904.9119142640229
2025-05-13 16:30:32.936941,USB Drive,Peripherals,West,6,584.1202538955063,3504.7215233730376,252.72945343325202,3251.992069939786
2025-05-13 16:30:32.936941,Keyboard,Peripherals,South,5,1877.8696416743858,9389.348208371928,1086.6477519962518,8302.700456375676
2025-05-14 16:30:32.936941,USB Drive,Peripherals,West,4,972.5839539779817,3890.3358159119266,206.52187670204415,3683.8139392098824
2025-05-14 16:30:32.936941,Keyboard,Peripherals,Central,2,3103.013247489381,6206.026494978762,685.7566824708551,5520.269812507906
2025-05-15 16:30:32.936941,Monitor,Electronics,North,4,18996.57220167415,75986.2888066966,7528.711032831259,68457.57777386534
2025-05-15 16:30:32.936941,Mouse,Peripherals,North,8,1142.9428400610682,9143.542720488545,810.9082150374784,8332.634505451068
2025-05-15 16:30:32.936941,Mouse,Peripherals,Central,7,1134.1736478042412,7939.215534629689,1109.0289712720348,6830.1865633576535
2025-05-15 16:30:32.936941,Tablet,Electronics,Central,7,46740.54911366684,327183.84379566787,13394.112832908952,313789.73096275894
2025-05-15 16:30:32.936941,Monitor,Electronics,East,7,18019.886450880305,126139.20515616213,4904.774535706378,121234.43062045575
2025-05-16 16:30:32.936941,Mobile Phone,Electronics,North,8,47668.50667284199,381348.05338273593,7558.893004874257,373789.1603778617
2025-05-16 16:30:32.936941,Keyboard,Peripherals,East,4,3267.7732005575367,13071.092802230147,160.50290111432852,12910.589901115818
2025-05-17 16:30:32.936941,Monitor,Electronics,West,6,38906.48798172551,233438.92789035308,7596.449092824555,225842.4787975285
2025-05-17 16:30:32.936941,Webcam,Accessories,West,3,7716.823089495039,23150.469268485118,2759.138771132105,20391.330497353014
2025-05-17 16:30:32.936941,Tablet,Electronics,West,3,35598.39884876773,106795.19654630318,5104.946351598715,101690.25019470447
2025-05-17 16:30:32.936941,Keyboard,Peripherals,West,3,7094.723304343098,21284.169913029295,1287.4594986748773,19996.710414354417
2025-05-18 16:30:32.936941,Laptop,Electronics,East,5,46889.74190328217,234448.70951641086,14436.764485201877,220011.94503120898
2025-05-18 16:30:32.936941,Webcam,Accessories,West,2,6602.075179884617,13204.150359769234,1865.6958055623309,11338.454554206903
2025-05-18 16:30:32.936941,Monitor,Electronics,North,1,14798.887524029626,14798.887524029626,962.3978271296004,13836.489696900026
2025-05-18 16:30:32.936941,Mobile Phone,Electronics,West,3,38590.386291660696,115771.1588749821,5714.971716753318,110056.18715822877
2025-05-18 16:30:32.936941,Keyboard,Peripherals,Central,6,5546.156001590492,33276.93600954296,1858.4244050564264,31418.51160448653
2025-05-19 16:30:32.936941,Tablet,Electronics,North,6,26389.17368153555,158335.0420892133,21824.176180285347,136510.86590892795
2025-05-19 16:30:32.936941,Tablet,Electronics,Central,7,20370.989123785672,142596.9238664997,20130.55750777251,122466.3663587272
2025-05-19 16:30:32.936941,USB Drive,Peripherals,North,4,679.8400807173101,2719.3603228692405,73.66592433551246,2645.694398533728
2025-05-19 16:30:32.936941,Tablet,Electronics,North,2,44280.78226958329,88561.56453916657,10160.418908707072,78401.1456304595
2025-05-20 16:30:32.936941,Headphones,Accessories,East,8,1093.2735011245938,8746.18800899675,40.79391143739656,8705.394097559354
2025-05-20 16:30:32.936941,Keyboard,Peripherals,West,5,7182.637198448185,35913.18599224092,2555.4349273558246,33357.751064885095
2025-05-20 16:30:32.936941,Webcam,Accessories,North,5,4195.978449739615,20979.892248698074,2609.4637067487583,18370.428541949317
2025-05-21 16:30:32.936941,Webcam,Accessories,South,5,7289.266702435592,36446.33351217796,2913.284795096137,33533.04871708182
2025-05-21 16:30:32.936941,USB Drive,Peripherals,East,7,893.7266820747152,6256.086774523006,7.728996314285707,6248.35777820872
2025-05-21 16:30:32.936941,Keyboard,Peripherals,West,8,2966.2696370471176,23730.15709637694,904.2449869800125,22825.91210939693
2025-05-21 16:30:32.936941,Mobile Phone,Electronics,Central,9,38527.52178803575,346747.69609232177,49151.786707827116,297595.90938449465
2025-05-21 16:30:32.936941,Tablet,Electronics,Central,5,25406.119832921642,127030.59916460821,14713.045997387944,112317.55316722026
2025-05-22 16:30:32.936941,Keyboard,Peripherals,West,2,2464.2611089733214,4928.522217946643,509.2532562334123,4419.26896171323
2025-05-22 16:30:32.936941,Keyboard,Peripherals,East,4,7084.684296172205,28338.73718468882,3705.078110079088,24633.65907460973
2025-05-23 16:30:32.936941,Headphones,Accessories,North,3,2595.801281703804,7787.403845111412,155.81265444692147,7631.591190664491
2025-05-23 16:30:32.936941,Laptop,Electronics,South,7,85068.90206935495,595482.3144854847,31216.836785881434,564265.4776996033
2025-05-23 16:30:32.936941,USB Drive,Peripherals,Central,8,1200.4511137456968,9603.608909965575,612.8512211606303,8990.757688804944
2025-05-23 16:30:32.936941,Mouse,Peripherals,Central,1,1590.624779274541,1590.624779274541,74.35799446768425,1516.2667848068568
2025-05-23 16:30:32.936941,Mobile Phone,Electronics,East,6,27603.300257160623,165619.80154296375,21056.256391024996,144563.54515193874
2025-05-24 16:30:32.936941,Monitor,Electronics,West,5,33744.651470342724,168723.2573517136,14692.065497444675,154031.19185426892
2025-05-24 16:30:32.936941,Headphones,Accessories,Central,3,3341.043847138593,10023.131541415778,11.666396400170077,10011.465145015607
2025-05-24 16:30:32.936941,Monitor,Electronics,West,5,38888.618607259894,194443.09303629945,2883.7766328863495,191559.3164034131
2025-05-25 16:30:32.936941,Headphones,Accessories,North,3,5987.743269538583,17963.22980861575,747.8451635375983,17215.384645078153
2025-05-25 16:30:32.936941,Tablet,Electronics,North,9,18524.276038633107,166718.48434769796,8411.832274085938,158306.65207361203
2025-05-25 16:30:32.936941,USB Drive,Peripherals,South,1,1734.172047299252,1734.172047299252,105.90798125933654,1628.2640660399154
2025-05-26 16:30:32.936941,USB Drive,Peripherals,North,7,1833.7785497613143,12836.449848329199,1104.4185061403894,11732.03134218881
2025-05-26 16:30:32.936941,Keyboard,Peripherals,East,4,5049.159856584876,20196.639426339505,3027.4816712845104,17169.157755054996
2025-05-27 16:30:32.936941,Mobile Phone,Electronics,Central,1,60574.024102428644,60574.024102428644,5435.650272637755,55138.373829790886
2025-05-27 16:30:32.936941,Speaker,Accessories,East,6,11213.379548731597,67280.27729238958,8114.231434237157,59166.04585815243
2025-05-28 16:30:32.936941,Monitor,Electronics,South,1,38915.28554781579,38915.28554781579,1309.6948750659808,37605.59067274981
2025-05-28 16:30:32.936941,Tablet,Electronics,East,4,41025.629228242906,164102.51691297162,1058.51453732434,163044.00237564728
2025-05-28 16:30:32.936941,Speaker,Accessories,South,4,13192.096273523048,52768.38509409219,967.9467497882916,51800.4383443039
2025-05-29 16:30:32.936941,Mobile Phone,Electronics,South,5,35221.80979974865,176109.04899874324,7292.899449807374,168816.14954893585
2025-05-29 16:30:32.936941,Tablet,Electronics,South,7,16287.222745658146,114010.55921960702,398.2459424760266,113612.31327713099
2025-05-29 16:30:32.936941,USB Drive,Peripherals,North,7,1209.206696169087,8464.44687318361,373.6906151502047,8090.756258033405
2025-05-29 16:30:32.936941,Keyboard,Peripherals,Central,4,7497.3928854075675,29989.57154163027,4009.287745804686,25980.283795825584
2025-05-30 16:30:32.936941,Webcam,Accessories,East,5,7572.824119986741,37864.1205999337,1743.6437921356523,36120.47680779805
2025-05-30 16:30:32.936941,USB Drive,Peripherals,Central,2,1187.565558707991,2375.131117415982,160.33150839299944,2214.7996090229826
2025-05-31 16:30:32.936941,Tablet,Electronics,Central,2,20078.130632369837,40156.261264739675,4953.984132969624,35202.27713177005
2025-05-31 16:30:32.936941,Mobile Phone,Electronics,North,8,63637.54863437411,509100.38907499285,5648.203112530537,503452.18596246233
2025-05-31 16:30:32.936941,Monitor,Electronics,West,2,23677.73272958251,47355.46545916502,1532.7188086489848,45822.746650516034
2025-05-31 16:30:32.936941,USB Drive,Peripherals,Central,6,1858.2342162369885,11149.40529742193,517.727126364662,10631.678171057269
2025-05-31 16:30:32.936941,Mouse,Peripherals,West,1,1205.5714902952777,1205.5714902952777,17.74339755515028,1187.8280927401274
2025-06-01 16:30:32.936941,Webcam,Accessories,North,9,5309.931492742739,47789.38343468465,3355.6203776965967,44433.76305698805
2025-06-01 16:30:32.936941,Tablet,Electronics,East,7,20193.488237611717,141354.41766328202,14620.946364836182,126733.47129844583
2025-06-01 16:30:32.936941,Mobile Phone,Electronics,West,9,59123.59255967749,532112.3330370975,77736.45616617166,454375.87687092583
2025-06-02 16:30:32.936941,USB Drive,Peripherals,Central,5,1856.2528243215902,9281.26412160795,1223.6417018566183,8057.622419751332
2025-06-02 16:30:32.936941,Keyboard,Peripherals,South,9,7902.096148310612,71118.86533479551,2603.6273561800886,68515.23797861542
2025-06-03 16:30:32.936941,Speaker,Accessories,Central,1,13826.338054801088,13826.338054801088,1439.8916020700321,12386.446452731056
2025-06-03 16:30:32.936941,Tablet,Electronics,South,6,37379.862406179986,224279.17443707993,32447.91104317243,191831.2633939075
2025-06-03 16:30:32.936941,Mouse,Peripherals,Central,2,2195.150941969188,4390.301883938376,479.48977868191406,3910.8121052564616
2025-06-03 16:30:32.936941,Laptop,Electronics,North,9,45681.12248367537,411130.1023530783,27725.787676409676,383404.3146766686
2025-06-03 16:30:32.936941,Speaker,Accessories,South,2,11437.594131268514,22875.188262537027,103.59720522953928,22771.591057307487
2025-06-04 16:30:32.936941,Monitor,Electronics,South,6,17216.05259547841,103296.31557287046,14287.915260227297,89008.40031264316
2025-06-04 16:30:32.936941,Tablet,Electronics,East,6,21597.081747852353,129582.49048711412,8976.30612022268,120606.18436689144
2025-06-04 16:30:32.936941,Headphones,Accessories,East,2,6298.200769024144,12596.401538048289,1267.1916637802117,11329.209874268077
2025-06-04 16:30:32.936941,Speaker,Accessories,East,8,13730.498733558625,109843.989868469,6711.439054248946,103132.55081422006
2025-06-04 16:30:32.936941,Mobile Phone,Electronics,East,6,57586.962093686685,345521.7725621201,36357.04213700974,309164.7304251104
2025-06-05 16:30:32.936941,Headphones,Accessories,Central,4,1299.2914649134727,5197.165859653891,545.6944905358882,4651.471369118002
2025-06-05 16:30:32.936941,Monitor,Electronics,South,4,17315.172990878214,69260.69196351286,1287.6171534232979,67973.07481008956
2025-06-05 16:30:32.936941,Monitor,Electronics,Central,7,26821.35217453955,187749.46522177683,11321.531335060958,176427.93388671588
2025-06-06 16:30:32.936941,Speaker,Accessories,North,3,10005.09209106948,30015.27627320844,516.844899675002,29498.43137353344
2025-06-06 16:30:32.936941,Speaker,Accessories,South,5,13321.59327608148,66607.9663804074,210.06294786567153,66397.90343254172
2025-06-06 16:30:32.936941,Webcam,Accessories,Central,8,6226.316471104258,49810.531768834066,6652.685575564232,43157.846193269834
2025-06-06 16:30:32.936941,Tablet,Electronics,South,6,24145.057611789325,144870.34567073596,14861.176144775634,130009.16952596033
2025-06-07 16:30:32.936941,Webcam,Accessories,Central,3,5534.698062965974,16604.09418889792,2236.8643426288404,14367.229846269081
2025-06-07 16:30:32.936941,Keyboard,Peripherals,Central,5,2117.4131923525288,10587.065961762644,1366.6914759482247,9220.37448581442
2025-06-07 16:30:32.936941,Laptop,Electronics,North,6,41699.46145282166,250196.76871692998,27168.46697001503,223028.30174691495
2025-06-07 16:30:32.936941,Mobile Phone,Electronics,North,9,76807.47033689724,691267.2330320752,97322.35844204319,593944.874590032
2025-06-08 16:30:32.936941,Webcam,Accessories,East,6,2691.7475593016015,16150.48535580961,2247.281989611025,13903.203366198584
2025-06-08 16:30:32.936941,Headphones,Accessories,Central,2,3378.1954313099113,6756.390862619823,300.5001116160398,6455.8907510037825
2025-06-09 16:30:32.936941,Mouse,Peripherals,Central,3,575.4034287670974,1726.210286301292,75.7307526939796,1650.4795336073123
2025-06-09 16:30:32.936941,Laptop,Electronics,West,3,85146.52038688319,255439.56116064958,26008.154714961358,229431.40644568822
2025-06-09 16:30:32.936941,Speaker,Accessories,East,5,4941.9557199660485,24709.778599830242,2130.887002394365,22578.89159743588
2025-06-10 16:30:32.936941,Monitor,Electronics,West,5,30226.94349245596,151134.7174622798,9474.280682923421,141660.4367793564
2025-06-10 16:30:32.936941,Headphones,Accessories,West,7,2704.2060491259854,18929.4423438819,599.2256856049642,18330.216658276935
2025-06-10 16:30:32.936941,Monitor,Electronics,West,2,17576.63642225815,35153.2728445163,4546.9171396118,30606.3557049045
2025-06-11 16:30:32.936941,Mobile Phone,Electronics,North,9,73997.08423438558,665973.7581094701,84879.21864641194,581094.5394630582
2025-06-11 16:30:32.936941,Tablet,Electronics,West,3,18886.83555323383,56660.50665970148,6705.353629147802,49955.15303055368
2025-06-12 16:30:32.936941,Mouse,Peripherals,West,4,1173.3922954512354,4693.569181804942,431.84856143602155,4261.72062036892
2025-06-12 16:30:32.936941,USB Drive,Peripherals,South,4,1423.2628328975647,5693.051331590259,386.1448858530678,5306.9064457371915
2025-06-12 16:30:32.936941,Keyboard,Peripherals,Central,5,6288.695772259078,31443.47886129539,3788.588946072132,27654.889915223255
2025-06-12 16:30:32.936941,Tablet,Electronics,East,8,17717.677037365174,141741.4162989214,13055.047757975371,128686.36854094602
2025-06-13 16:30:32.936941,Keyboard,Peripherals,East,6,1755.0832442635517,10530.49946558131,956.4788558454569,9574.020609735853
2025-06-13 16:30:32.936941,Mouse,Peripherals,South,7,2557.738950739084,17904.17265517359,158.46088187261483,17745.711773300973
2025-06-13 16:30:32.936941,Keyboard,Peripherals,Central,5,4422.919030753523,22114.595153767616,1046.5374115106667,21068.057742256948
2025-06-13 16:30:32.936941,Speaker,Accessories,North,1,11337.546818103754,11337.546818103754,1056.6707374359949,10280.87608066776
2025-06-13 16:30:32.936941,Keyboard,Peripherals,South,3,2160.2345375299788,6480.703612589936,471.7173780095024,6008.986234580433
2025-06-14 16:30:32.936941,USB Drive,Peripherals,North,1,666.9714822163253,666.9714822163253,96.90566881747269,570.0658133988526
2025-06-14 16:30:32.936941,Monitor,Electronics,West,6,12851.953697711815,77111.7221862709,7133.498766615374,69978.22341965552
2025-06-14 16:30:32.936941,Headphones,Accessories,South,3,7985.254633223699,23955.763899671096,2958.967040748218,20996.796858922877
2025-06-14 16:30:32.936941,Mobile Phone,Electronics,North,1,65803.44070648158,65803.44070648158,766.6668061992848,65036.77390028229
2025-06-15 16:30:32.936941,Monitor,Electronics,West,4,28538.03366533881,114152.13466135525,16878.729294834957,97273.40536652028
2025-06-15 16:30:32.936941,Webcam,Accessories,West,4,7891.2637781156345,31565.055112462538,3323.5802979241766,28241.47481453836
2025-06-16 16:30:32.936941,Headphones,Accessories,South,2,3805.1493116136517,7610.298623227303,482.7251789317555,7127.573444295548
2025-06-16 16:30:32.936941,Keyboard,Peripherals,Central,5,5947.362858824408,29736.814294122043,4326.962335514753,25409.85195860729
2025-06-16 16:30:32.936941,Keyboard,Peripherals,South,9,3271.862861469905,29446.765753229145,457.61983175140557,28989.14592147774
2025-06-16 16:30:32.936941,Tablet,Electronics,West,2,39097.07269590458,78194.14539180916,11088.31733848643,67105.82805332272
2025-06-17 16:30:32.936941,Speaker,Accessories,West,2,6253.4908757758685,12506.981751551737,396.92058448294364,12110.061167068794
2025-06-17 16:30:32.936941,USB Drive,Peripherals,East,3,616.735196955749,1850.2055908672469,225.22932125581494,1624.976269611432
2025-06-17 16:30:32.936941,USB Drive,Peripherals,North,9,1626.3925902750834,14637.53331247575,1157.753794021846,13479.779518453905
2025-06-17 16:30:32.936941,Mobile Phone,Electronics,West,7,25492.107048968344,178444.7493427784,25715.79342698082,152728.9559157976
2025-06-18 16:30:32.936941,Speaker,Accessories,West,9,8927.35782909959,80346.22046189632,3662.023019486226,76684.19744241009
2025-06-18 16:30:32.936941,Headphones,Accessories,South,2,2955.3166044447808,5910.6332088895615,126.59233154418453,5784.040877345377
2025-06-19 16:30:32.936941,Webcam,Accessories,East,2,4752.609739739557,9505.219479479114,846.3544749171474,8658.865004561967
2025-06-19 16:30:32.936941,Laptop,Electronics,North,8,99158.31663702062,793266.5330961649,99100.6907723561,694165.8423238088
2025-06-19 16:30:32.936941,Monitor,Electronics,West,4,25235.861128479813,100943.44451391925,233.4089942279986,100710.03551969126
2025-06-19 16:30:32.936941,Webcam,Accessories,West,2,6666.749482518143,13333.498965036286,591.8812878246707,12741.617677211616
2025-06-20 16:30:32.936941,Monitor,Electronics,Central,6,16364.837887930877,98189.02732758527,6345.231083579411,91843.79624400586
2025-06-20 16:30:32.936941,Laptop,Electronics,North,6,56325.04945467866,337950.29672807193,11470.180996447618,326480.1157316243
2025-06-20 16:30:32.936941,Mouse,Peripherals,South,5,1247.825739078111,6239.128695390555,671.9350070114583,5567.193688379097
2025-06-21 16:30:32.936941,Monitor,Electronics,East,7,16745.157241539237,117216.10069077465,4754.884955707975,112461.21573506667
2025-06-21 16:30:32.936941,Mouse,Peripherals,East,5,2726.484400304773,13632.422001523864,557.374802258104,13075.04719926576
2025-06-21 16:30:32.936941,Laptop,Electronics,West,2,89709.98272865615,179419.9654573123,5204.397525702473,174215.5679316098
2025-06-22 16:30:32.936941,Laptop,Electronics,Central,4,45354.98509819504,181419.94039278015,23433.929604540674,157986.01078823948
2025-06-22 16:30:32.936941,Speaker,Accessories,South,8,5819.880423085488,46559.0433846839,2671.3372010570674,43887.70618362683
2025-06-22 16:30:32.936941,Keyboard,Peripherals,Central,7,1886.920279666846,13208.441957667921,217.39206902209156,12991.04988864583
2025-06-22 16:30:32.936941,Monitor,Electronics,North,3,27155.397993589588,81466.19398076876,11082.209604195097,70383.98437657366
2025-06-22 16:30:32.936941,Mouse,Peripherals,Central,3,2096.747737207931,6290.243211623793,29.68101132795597,6260.562200295837
2025-06-23 16:30:32.936941,USB Drive,Peripherals,Central,6,1731.0130751016056,10386.078450609633,1395.1413336561964,8990.937116953437
2025-06-23 16:30:32.936941,Monitor,Electronics,Central,6,18361.22036862126,110167.32221172756,10417.781378970947,99749.54083275661
2025-06-23 16:30:32.936941,Webcam,Accessories,North,6,4940.715416760691,29644.29250056415,128.32086358380099,29515.971636980346
2025-06-23 16:30:32.936941,Tablet,Electronics,North,4,22536.568463505602,90146.27385402241,13412.773286564598,76733.50056745781
2025-06-23 16:30:32.936941,Mouse,Peripherals,East,1,673.8038506329887,673.8038506329887,85.89699616610963,587.906854466879
2025-06-24 16:30:32.936941,Keyboard,Peripherals,Central,3,7194.213664888223,21582.64099466467,2791.604164489946,18791.036830174726
2025-06-24 16:30:32.936941,Keyboard,Peripherals,South,8,3690.0246872662497,29520.197498129997,1088.5298258597313,28431.667672270265
2025-06-24 16:30:32.936941,Headphones,Accessories,Central,3,5691.437262026822,17074.311786080467,1880.0457307399251,15194.266055340542
2025-06-24 16:30:32.936941,Speaker,Accessories,West,6,3413.2167351659655,20479.30041099579,140.4004251008273,20338.899985894965
2025-06-24 16:30:32.936941,Speaker,Accessories,North,2,7675.989308622443,15351.978617244886,2109.2478056641353,13242.73081158075
2025-06-25 16:30:32.936941,Laptop,Electronics,North,3,43382.691477433145,130148.07443229944,2359.072808196716,127789.00162410273
2025-06-25 16:30:32.936941,Tablet,Electronics,East,1,22622.969029074757,22622.969029074757,3132.747405022768,19490.22162405199
2025-06-25 16:30:32.936941,USB Drive,Peripherals,Central,8,982.3823963360735,7859.059170688588,957.0662718087043,6901.992898879884
2025-06-25 16:30:32.936941,USB Drive,Peripherals,South,1,988.0856353418592,988.0856353418592,62.230066718372036,925.8555686234871
2025-06-26 16:30:32.936941,Webcam,Accessories,Central,4,4807.02807874829,19228.11231499316,1209.6112362334459,18018.501078759713
2025-06-26 16:30:32.936941,Tablet,Electronics,East,6,22221.86075037311,133331.16450223868,13900.561416496314,119430.60308574236
2025-06-27 16:30:32.936941,Webcam,Accessories,East,3,4290.258914561249,12870.776743683748,723.6540866803372,12147.12265700341
2025-06-27 16:30:32.936941,Tablet,Electronics,West,9,41047.758548325764,369429.82693493186,33885.47067496194,335544.35625996994
2025-06-27 16:30:32.936941,Webcam,Accessories,East,7,5306.188116080943,37143.3168125666,805.9444280603874,36337.37238450621
2025-06-27 16:30:32.936941,Webcam,Accessories,East,4,5752.138409801847,23008.55363920739,1463.1274637828783,21545.42617542451
2025-06-28 16:30:32.936941,Speaker,Accessories,Central,3,12221.859506118706,36665.57851835612,5262.226364270249,31403.352154085867
2025-06-28 16:30:32.936941,Speaker,Accessories,West,7,4702.548603364961,32917.840223554726,3083.6676369742613,29834.172586580466
2025-06-28 16:30:32.936941,Webcam,Accessories,East,1,5509.616710034286,5509.616710034286,549.7529466183996,4959.863763415887
2025-06-28 16:30:32.936941,USB Drive,Peripherals,North,9,954.0940657845608,8586.846592061047,1116.214787584861,7470.6318044761865
2025-06-28 16:30:32.936941,Keyboard,Peripherals,East,9,6593.547825882293,59341.93043294064,3338.3458536738035,56003.58457926683
2025-06-29 16:30:32.936941,Mobile Phone,Electronics,West,4,72439.880696785,289759.52278714,24967.147708052486,264792.3750790875
2025-06-29 16:30:32.936941,Webcam,Accessories,East,9,4255.297121989979,38297.67409790981,3057.1307588351156,35240.54333907469
2025-06-29 16:30:32.936941,Laptop,Electronics,Central,6,70387.6671260248,422326.0027561488,50723.00850701818,371602.9942491306
2025-06-30 16:30:32.936941,USB Drive,Peripherals,East,7,927.9465813353423,6495.626069347396,17.877906765732483,6477.748162581664
2025-06-30 16:30:32.936941,Webcam,Accessories,Central,6,3871.3408988265473,23228.045392959284,1546.0759275450125,21681.969465414273
2025-07-01 16:30:32.936941,Headphones,Accessories,North,8,5071.910456057949,40575.28364846359,3455.560915274117,37119.722733189476
2025-07-01 16:30:32.936941,Webcam,Accessories,West,7,3010.44769406018,21073.133858421257,2300.7306205587215,18772.403237862534
2025-07-01 16:30:32.936941,Tablet,Electronics,Central,2,30528.73698794108,61057.47397588216,4975.063606596121,56082.41036928604
2025-07-01 16:30:32.936941,Webcam,Accessories,West,6,2103.0379439742173,12618.227663845304,1793.6526456894794,10824.575018155825
2025-07-02 16:30:32.936941,Tablet,Electronics,South,8,49318.9106410974,394551.2851287792,56756.62177957714,337794.663349202
2025-07-02 16:30:32.936941,Laptop,Electronics,Central,9,85813.07404356312,772317.666392068,50112.71203329776,722204.9543587703
2025-07-02 16:30:32.936941,Mobile Phone,Electronics,South,2,31160.505911359716,62321.01182271943,4151.927411632855,58169.08441108658
2025-07-03 16:30:32.936941,Laptop,Electronics,West,1,72834.76252601724,72834.76252601724,1644.6906576893982,71190.07186832784
2025-07-03 16:30:32.936941,Keyboard,Peripherals,West,8,1711.1285932333155,13689.028745866524,399.020856638629,13290.007889227896
2025-07-03 16:30:32.936941,Tablet,Electronics,West,9,36349.352248506504,327144.17023655854,46645.051904638836,280499.1183319197
2025-07-03 16:30:32.936941,Headphones,Accessories,West,2,4207.290339889344,8414.580679778688,124.98103842246518,8289.599641356222
2025-07-03 16:30:32.936941,Speaker,Accessories,Central,6,4789.022875642725,28734.137253856352,224.51068145241518,28509.626572403937
2025-07-04 16:30:32.936941,USB Drive,Peripherals,North,4,1703.2671492867082,6813.068597146833,46.581958753398204,6766.486638393435
2025-07-04 16:30:32.936941,Tablet,Electronics,Central,3,40504.87397814225,121514.62193442674,16612.760087952935,104901.86184647381
2025-07-05 16:30:32.936941,Headphones,Accessories,Central,1,4548.2173735653505,4548.2173735653505,484.5712964751619,4063.6460770901886
2025-07-05 16:30:32.936941,Keyboard,Peripherals,West,4,3331.8669141479504,13327.467656591802,1887.833599351857,11439.634057239944
2025-07-05 16:30:32.936941,Speaker,Accessories,West,9,8112.995030983297,73016.95527884967,2891.7681958359194,70125.18708301375
2025-07-05 16:30:32.936941,Keyboard,Peripherals,South,4,6727.827108154126,26911.308432616504,2267.636137068922,24643.67229554758
2025-07-06 16:30:32.936941,USB Drive,Peripherals,Central,3,780.2517499016291,2340.7552497048873,304.7536126547539,2036.0016370501335
2025-07-06 16:30:32.936941,Keyboard,Peripherals,Central,5,6944.157775396105,34720.78887698052,4426.774374054275,30294.014502926246
2025-07-06 16:30:32.936941,Keyboard,Peripherals,East,4,2147.0622503077334,8588.249001230934,283.10215642654777,8305.146844804385
2025-07-06 16:30:32.936941,Webcam,Accessories,West,7,7643.872060163142,53507.104421141994,6112.182470091973,47394.92195105002
2025-07-07 16:30:32.936941,Headphones,Accessories,South,5,4948.859985864668,24744.299929323337,1604.7213166805,23139.578612642836
2025-07-07 16:30:32.936941,Monitor,Electronics,Central,2,18157.886123724616,36315.77224744923,1843.7358756173442,34472.03637183189
2025-07-07 16:30:32.936941,Monitor,Electronics,South,2,27422.832758567594,54845.66551713519,1739.7345660374885,53105.930951097704
2025-07-07 16:30:32.936941,Monitor,Electronics,East,7,19764.06966029868,138348.48762209076,15328.721563037716,123019.76605905304
2025-07-07 16:30:32.936941,Headphones,Accessories,West,2,7409.6918378154305,14819.383675630861,143.74552573724077,14675.63814989362
2025-07-08 16:30:32.936941,Keyboard,Peripherals,West,4,3394.840079238297,13579.360316953189,2.7164956767574133,13576.643821276431
2025-07-08 16:30:32.936941,Keyboard,Peripherals,Central,9,4859.203865489057,43732.83478940151,4157.604636509621,39575.23015289189
2025-07-08 16:30:32.936941,Monitor,Electronics,East,4,30365.391550865843,121461.56620346337,2297.7383214104916,119163.82788205288
2025-07-09 16:30:32.936941,Mobile Phone,Electronics,Central,2,60892.10001250825,121784.2000250165,17553.684103858806,104230.5159211577
2025-07-09 16:30:32.936941,Speaker,Accessories,West,7,5220.242633127611,36541.69843189328,303.34359324733845,36238.354838645944
2025-07-10 16:30:32.936941,Mouse,Peripherals,East,8,2167.4238238705157,17339.390590964125,266.33464154040314,17073.05594942372
2025-07-10 16:30:32.936941,Tablet,Electronics,East,9,42686.04569541129,384174.4112587016,37577.022118098,346597.3891406036
2025-07-11 16:30:32.936941,Laptop,Electronics,East,6,40156.447803558025,240938.68682134815,29386.729954212024,211551.95686713612
2025-07-11 16:30:32.936941,Mobile Phone,Electronics,East,5,51793.17883881133,258965.89419405663,28500.043187434796,230465.85100662184
2025-07-11 16:30:32.936941,USB Drive,Peripherals,East,7,1595.700051716556,11169.900362015891,1021.5835288723574,10148.316833143534
2025-07-11 16:30:32.936941,USB Drive,Peripherals,South,4,682.3349442774036,2729.3397771096143,57.64851244489453,2671.6912646647197
2025-07-11 16:30:32.936941,Headphones,Accessories,Central,6,7319.920315674922,43919.52189404953,2529.5017761357194,41390.02011791381
2025-07-12 16:30:32.936941,Monitor,Electronics,Central,2,37084.810351804656,74169.62070360931,3284.7543070621605,70884.86639654715
2025-07-12 16:30:32.936941,Monitor,Electronics,South,9,10241.748666866055,92175.7380017945,8953.709840288579,83222.02816150592
2025-07-12 16:30:32.936941,Mobile Phone,Electronics,Central,7,73600.49850965649,515203.4895675954,14106.133805378151,501097.35576221725
2025-07-13 16:30:32.936941,Webcam,Accessories,South,5,4003.052386060315,20015.261930301574,1414.8309792093357,18600.43095109224
2025-07-13 16:30:32.936941,Headphones,Accessories,North,5,8783.111997999058,43915.559989995294,3499.18387726894,40416.37611272636
2025-07-13 16:30:32.936941,Speaker,Accessories,South,3,14060.51963717905,42181.55891153715,2346.1648655074864,39835.39404602966
2025-07-13 16:30:32.936941,Headphones,Accessories,North,3,1503.8225637551775,4511.467691265532,334.94408398995114,4176.5236072755815
2025-07-14 16:30:32.936941,Mobile Phone,Electronics,West,4,22781.196166056772,91124.78466422709,11719.761490344827,79405.02317388226
2025-07-14 16:30:32.936941,Keyboard,Peripherals,West,9,7942.485693463215,71482.37124116893,2005.5381996268331,69476.83304154211
2025-07-14 16:30:32.936941,Mobile Phone,Electronics,South,1,67996.82291509291,67996.82291509291,5941.749680692595,62055.07323440032
2025-07-14 16:30:32.936941,Laptop,Electronics,Central,7,96434.89220411787,675044.2454288251,62691.17858674096,612353.0668420842
2025-07-15 16:30:32.936941,Tablet,Electronics,West,8,40826.89666031068,326615.17328248546,19396.588366623317,307218.5849158621
2025-07-15 16:30:32.936941,USB Drive,Peripherals,West,3,1100.6246917562412,3301.8740752687236,209.64679294097144,3092.227282327752
2025-07-15 16:30:32.936941,Headphones,Accessories,East,4,9497.569271550958,37990.27708620383,5010.0717954658885,32980.20529073794
2025-07-15 16:30:32.936941,Keyboard,Peripherals,East,9,5657.802896302516,50920.226066722644,5678.948116476367,45241.27795024628
2025-07-15 16:30:32.936941,Laptop,Electronics,North,5,81023.84161063234,405119.20805316174,25807.115974428616,379312.09207873314
2025-07-16 16:30:32.936941,Webcam,Accessories,South,4,7356.7601385239595,29427.040554095838,4406.566117359756,25020.474436736084
2025-07-16 16:30:32.936941,Speaker,Accessories,North,6,4884.903095272934,29309.4185716376,459.08417741185957,28850.33439422574
2025-07-16 16:30:32.936941,Tablet,Electronics,West,6,37537.98068675686,225227.88412054116,47.91340799683943,225179.9707125443
2025-07-16 16:30:32.936941,Tablet,Electronics,North,9,40317.551410158456,362857.9626914261,28222.98892271488,334634.9737687112
2025-07-16 16:30:32.936941,Mouse,Peripherals,West,2,2815.155161294106,5630.310322588212,525.5725473824606,5104.737775205752
2025-07-17 16:30:32.936941,Tablet,Electronics,East,9,39411.54911915301,354703.9420723771,25888.06811352281,328815.87395885424
2025-07-17 16:30:32.936941,Laptop,Electronics,North,9,66911.53647294894,602203.8282565405,6592.663109383575,595611.1651471569
2025-07-17 16:30:32.936941,Monitor,Electronics,Central,1,36709.42624961953,36709.42624961953,1712.7442838549814,34996.68196576455
2025-07-18 16:30:32.936941,Webcam,Accessories,North,1,3015.6300640356694,3015.6300640356694,230.99850041562632,2784.631563620043
2025-07-18 16:30:32.936941,Keyboard,Peripherals,East,5,7717.430369007059,38587.151845035296,4791.774006301759,33795.37783873353
2025-07-19 16:30:32.936941,USB Drive,Peripherals,Central,8,1989.2216933833079,15913.773547066463,508.2476201044492,15405.525926962015
2025-07-19 16:30:32.936941,Speaker,Accessories,West,2,8434.253044725596,16868.50608945119,1959.7090851539672,14908.797004297225
2025-07-19 16:30:32.936941,Tablet,Electronics,Central,5,42670.72450276445,213353.62251382228,24586.266952355254,188767.35556146703
2025-07-20 16:30:32.936941,USB Drive,Peripherals,East,1,520.5164766569662,520.5164766569662,20.480958314916112,500.0355183420501
2025-07-20 16:30:32.936941,Headphones,Accessories,North,1,7809.437395936493,7809.437395936493,233.6489946449035,7575.788401291589
2025-07-20 16:30:32.936941,Keyboard,Peripherals,South,4,1738.1056590225253,6952.422636090101,450.57020153476896,6501.852434555332
2025-07-20 16:30:32.936941,USB Drive,Peripherals,East,6,888.4976817921495,5330.986090752896,97.00105391696648,5233.98503683593
2025-07-20 16:30:32.936941,Tablet,Electronics,North,4,28900.337498002213,115601.34999200885,2373.532461556955,113227.8175304519
2025-07-21 16:30:32.936941,Keyboard,Peripherals,East,9,4513.089451467457,40617.80506320712,981.9172887350734,39635.887774472045
2025-07-21 16:30:32.936941,Webcam,Accessories,South,3,5605.054555195485,16815.163665586453,404.3041495233948,16410.859516063058
2025-07-21 16:30:32.936941,Tablet,Electronics,Central,4,33350.00941811629,133400.03767246517,15982.97498415696,117417.06268830822
2025-07-21 16:30:32.936941,Mouse,Peripherals,West,6,2768.1176726887466,16608.70603613248,347.3835278705982,16261.322508261883
2025-07-21 16:30:32.936941,Speaker,Accessories,East,6,11937.189633313465,71623.13779988079,3138.992917584131,68484.14488229666
2025-07-22 16:30:32.936941,Mobile Phone,Electronics,West,4,61792.341343273576,247169.3653730943,19121.127957052693,228048.2374160416
2025-07-22 16:30:32.936941,Mobile Phone,Electronics,South,8,50979.723350518485,407837.7868041479,46396.14846087236,361441.6383432755
2025-07-22 16:30:32.936941,Tablet,Electronics,West,1,30639.198068197504,30639.198068197504,165.40492427214707,30473.793143925355
2025-07-22 16:30:32.936941,Keyboard,Peripherals,South,6,7174.541001711172,43047.24601026703,5042.958919252436,38004.287091014594
2025-07-22 16:30:32.936941,Laptop,Electronics,East,5,56730.255014656504,283651.27507328254,32054.92491331022,251596.35015997232
2025-07-23 16:30:32.936941,Mouse,Peripherals,South,1,1376.7962736356276,1376.7962736356276,7.22443696527496,1369.5718366703527
2025-07-23 16:30:32.936941,USB Drive,Peripherals,East,1,1616.2486437224136,1616.2486437224136,95.73037237250209,1520.5182713499114
2025-07-23 16:30:32.936941,Keyboard,Peripherals,East,1,6940.983897824114,6940.983897824114,138.0243140944095,6802.959583729705
2025-07-23 16:30:32.936941,Webcam,Accessories,Central,1,4393.019689038534,4393.019689038534,494.47099967189297,3898.548689366641
2025-07-23 16:30:32.936941,Laptop,Electronics,East,6,70169.01094741153,421014.0656844692,58834.3182198664,362179.7474646028
2025-07-24 16:30:32.936941,Keyboard,Peripherals,South,1,7689.542355202337,7689.542355202337,682.9055357227475,7006.63681947959
2025-07-24 16:30:32.936941,Laptop,Electronics,North,6,75130.84254886478,450785.05529318866,38837.59318497262,411947.462108216
2025-07-24 16:30:32.936941,USB Drive,Peripherals,East,6,1749.8326570572508,10498.995942343505,1470.9020347359046,9028.0939076076
2025-07-25 16:30:32.936941,Tablet,Electronics,West,4,38795.712052808085,155182.84821123234,15287.012863643255,139895.83534758908
2025-07-25 16:30:32.936941,Speaker,Accessories,East,8,6219.174778422496,49753.39822737997,1572.050145600796,48181.34808177917
2025-07-25 16:30:32.936941,Mobile Phone,Electronics,East,8,71869.37213572742,574954.9770858194,54215.57044099722,520739.40664482216
2025-07-26 16:30:32.936941,Keyboard,Peripherals,Central,3,1629.2194065323226,4887.658219596968,710.3490662451065,4177.309153351861
2025-07-26 16:30:32.936941,Headphones,Accessories,South,3,4914.509773666372,14743.529320999116,34.70981091188175,14708.819510087234
2025-07-26 16:30:32.936941,Tablet,Electronics,West,2,18867.54729296915,37735.0945859383,358.4036660416377,37376.69091989666
2025-07-26 16:30:32.936941,Tablet,Electronics,West,6,27992.96767151007,167957.80602906042,7053.914178264486,160903.89185079595
2025-07-26 16:30:32.936941,Webcam,Accessories,East,1,7320.6350512545605,7320.6350512545605,803.7005300182791,6516.934521236281
2025-07-27 16:30:32.936941,Mouse,Peripherals,Central,5,891.5854529762969,4457.927264881484,113.35628170196863,4344.570983179516
2025-07-27 16:30:32.936941,USB Drive,Peripherals,Central,4,1080.3625365265236,4321.4501461060945,215.5799647591874,4105.870181346907
2025-07-27 16:30:32.936941,Headphones,Accessories,South,1,4172.165059593159,4172.165059593159,199.87848792637806,3972.2865716667807
2025-07-28 16:30:32.936941,Webcam,Accessories,North,5,7817.43231101935,39087.16155509675,1736.375631943978,37350.78592315277
2025-07-28 16:30:32.936941,Speaker,Accessories,West,1,5037.054780214577,5037.054780214577,167.8904811295861,4869.1642990849905
2025-07-28 16:30:32.936941,Speaker,Accessories,East,1,2504.4588124022866,2504.4588124022866,17.38590780356426,2487.0729045987223
2025-07-29 16:30:32.936941,Mobile Phone,Electronics,Central,3,27146.003456561335,81438.01036968401,6374.344875047025,75063.66549463698
2025-07-29 16:30:32.936941,Mobile Phone,Electronics,North,9,61387.27948461834,552485.515361565,48291.972209533706,504193.5431520314
2025-07-30 16:30:32.936941,Speaker,Accessories,Central,8,10793.160824418615,86345.28659534892,6647.02411149753,79698.26248385139
2025-07-30 16:30:32.936941,Headphones,Accessories,Central,3,8354.145539531302,25062.436618593907,3113.968785196759,21948.467833397146
2025-07-30 16:30:32.936941,Speaker,Accessories,South,4,12015.69150562472,48062.76602249888,5037.613188774331,43025.15283372455
2025-07-30 16:30:32.936941,Tablet,Electronics,East,4,32115.6083121308,128462.4332485232,13283.121364874061,115179.31188364913
2025-07-30 16:30:32.936941,Speaker,Accessories,West,1,4926.191639730843,4926.191639730843,514.1061638755891,4412.085475855254
2025-07-31 16:30:32.936941,Mobile Phone,Electronics,South,5,58987.44365075748,294937.2182537874,10022.874280355136,284914.34397343226
2025-07-31 16:30:32.936941,Webcam,Accessories,West,5,6857.487813627717,34287.439068138585,4930.23483747671,29357.204230661875
2025-07-31 16:30:32.936941,Mobile Phone,Electronics,Central,4,71828.59251809078,287314.3700723631,38283.66964413614,249030.70042822696
2025-08-01 16:30:32.936941,USB Drive,Peripherals,North,6,1711.535930019757,10269.215580118542,904.2442999030534,9364.971280215488
2025-08-01 16:30:32.936941,USB Drive,Peripherals,South,2,641.4689771941214,1282.9379543882428,63.28085947515112,1219.6570949130917
2025-08-01 16:30:32.936941,Speaker,Accessories,West,5,11837.608017063154,59188.04008531577,3594.7607239909858,55593.279361324785
2025-08-01 16:30:32.936941,USB Drive,Peripherals,Central,5,956.8699206308735,4784.349603154367,420.63069873124175,4363.718904423125
2025-08-02 16:30:32.936941,Laptop,Electronics,Central,5,48948.10647085227,244740.53235426135,23155.69710084128,221584.83525342005
2025-08-02 16:30:32.936941,USB Drive,Peripherals,East,9,1848.0891704157946,16632.80253374215,653.9961000031816,15978.806433738968
2025-08-02 16:30:32.936941,Laptop,Electronics,West,2,47322.61372178876,94645.22744357752,1175.554412048799,93469.67303152871
2025-08-02 16:30:32.936941,Monitor,Electronics,North,5,30158.684214847362,150793.4210742368,12363.42283984535,138429.99823439145
2025-08-03 16:30:32.936941,Headphones,Accessories,Central,8,8727.846210123676,69822.76968098941,3378.2968931880687,66444.47278780134
2025-08-03 16:30:32.936941,Mobile Phone,Electronics,North,4,69868.33786612295,279473.3514644918,19837.648556187385,259635.7029083044
2025-08-04 16:30:32.936941,Mouse,Peripherals,East,5,653.8566172747405,3269.2830863737026,417.75675235150663,2851.526334022196
2025-08-04 16:30:32.936941,Mobile Phone,Electronics,Central,5,32892.270430948076,164461.35215474037,6467.374678800804,157993.97747593955
2025-08-04 16:30:32.936941,Laptop,Electronics,North,5,44830.993515490714,224154.9675774536,29253.83707052013,194901.13050693346
2025-08-04 16:30:32.936941,USB Drive,Peripherals,North,6,1176.8081123185948,7060.848673911569,52.70979660551099,7008.138877306058
2025-08-05 16:30:32.936941,Monitor,Electronics,West,9,39702.617368983134,357323.5563208482,46037.141166608024,311286.41515424015
2025-08-05 16:30:32.936941,Tablet,Electronics,South,1,47841.802091751066,47841.802091751066,4179.185092536967,43662.6169992141
2025-08-05 16:30:32.936941,Mouse,Peripherals,East,6,2095.2738030098744,12571.642818059247,631.4539087589311,11940.188909300316
2025-08-05 16:30:32.936941,Mouse,Peripherals,West,5,2199.1749331288065,10995.874665644033,1504.5653663803782,9491.309299263654
2025-08-06 16:30:32.936941,Mouse,Peripherals,West,9,604.0080833883034,5436.07275049473,674.8920759658089,4761.180674528921
2025-08-06 16:30:32.936941,Mobile Phone,Electronics,Central,8,79102.03070035757,632816.2456028606,31826.384101309806,600989.8615015508
2025-08-06 16:30:32.936941,Tablet,Electronics,East,8,19570.522514645858,156564.18011716686,9935.378340484522,146628.80177668235
2025-08-07 16:30:32.936941,Mobile Phone,Electronics,South,6,64031.83903963892,384191.0342378335,57105.2414228469,327085.7928149866
2025-08-07 16:30:32.936941,Speaker,Accessories,West,3,9525.349566438465,28576.048699315394,37.81720963912047,28538.231489676273
2025-08-08 16:30:32.936941,Speaker,Accessories,South,2,9638.23322581642,19276.46645163284,407.20330820958947,18869.263143423253
2025-08-08 16:30:32.936941,Headphones,Accessories,North,3,3490.0294796117373,10470.088438835211,946.4429973021322,9523.645441533079
2025-08-08 16:30:32.936941,Laptop,Electronics,East,7,91821.78754016153,642752.5127811307,47486.405980278665,595266.1068008521
2025-08-08 16:30:32.936941,USB Drive,Peripherals,Central,5,1526.816649546986,7634.0832477349295,963.8127922699895,6670.27045546494
2025-08-09 16:30:32.936941,Mouse,Peripherals,Central,3,2121.8047003872643,6365.414101161793,103.65740582365963,6261.756695338134
2025-08-09 16:30:32.936941,Mouse,Peripherals,South,1,1511.2006687504713,1511.2006687504713,126.8037701690234,1384.3968985814479
2025-08-10 16:30:32.936941,Headphones,Accessories,West,7,8081.570210627508,56570.991474392555,2285.7668511196684,54285.22462327289
2025-08-10 16:30:32.936941,Keyboard,Peripherals,South,4,5015.978786367441,20063.915145469764,1419.4802675963845,18644.43487787338
2025-08-10 16:30:32.936941,Monitor,Electronics,South,3,28744.694262803136,86234.0827884094,5152.189385674352,81081.89340273505
2025-08-11 16:30:32.936941,Mobile Phone,Electronics,North,2,74931.0037230018,149862.0074460036,15212.56802648236,134649.43941952125
2025-08-11 16:30:32.936941,Mouse,Peripherals,Central,7,1343.5367717160855,9404.757402012598,1206.490149674128,8198.26725233847
2025-08-12 16:30:32.936941,Laptop,Electronics,South,5,94120.15596819409,470600.7798409704,58377.646251835846,412223.13358913455
2025-08-12 16:30:32.936941,Headphones,Accessories,North,9,1345.8978768922284,12113.080892030055,880.3880725764503,11232.692819453605
2025-08-12 16:30:32.936941,Mobile Phone,Electronics,Central,4,72107.92047274212,288431.68189096847,38758.06537409931,249673.61651686917
2025-08-12 16:30:32.936941,Laptop,Electronics,West,3,77538.49769215132,232615.49307645395,24928.76830431635,207686.7247721376
2025-08-13 16:30:32.936941,Webcam,Accessories,North,7,6676.274469819924,46733.92128873947,3973.069577448552,42760.85171129092
2025-08-13 16:30:32.936941,Headphones,Accessories,North,8,7047.890842620935,56383.12674096748,3749.0774903400757,52634.0492506274
2025-08-13 16:30:32.936941,Mouse,Peripherals,West,8,1196.5708327243924,9572.56666179514,994.2647150695087,8578.30194672563
2025-08-13 16:30:32.936941,Headphones,Accessories,Central,8,7028.0830285967695,56224.664228774156,4760.004746485696,51464.65948228846
2025-08-13 16:30:32.936941,Headphones,Accessories,North,3,6214.650679779892,18643.952039339674,2336.6631373742366,16307.288901965438
2025-08-14 16:30:32.936941,Tablet,Electronics,Central,2,32576.339953869465,65152.67990773893,1476.7850257941413,63675.89488194479
2025-08-14 16:30:32.936941,Monitor,Electronics,South,2,32900.171597281296,65800.34319456259,1967.501335059711,63832.84185950288
2025-08-14 16:30:32.936941,Webcam,Accessories,East,4,2513.147105456648,10052.588421826593,1309.8719509310486,8742.716470895544
2025-08-14 16:30:32.936941,Webcam,Accessories,Central,3,5517.324269163471,16551.972807490412,2282.3206937510395,14269.652113739372
2025-08-15 16:30:32.936941,Keyboard,Peripherals,South,6,4792.5998032292155,28755.598819375293,3189.9354209147405,25565.66339846055
2025-08-15 16:30:32.936941,Monitor,Electronics,South,7,32081.620434483688,224571.34304138582,17230.518067848385,207340.82497353744
2025-08-15 16:30:32.936941,Speaker,Accessories,South,5,14045.525922860637,70227.62961430318,9614.096437042128,60613.53317726105
2025-08-15 16:30:32.936941,Mouse,Peripherals,East,4,1362.6271733051422,5450.508693220569,360.6685534979645,5089.840139722604
2025-08-15 16:30:32.936941,Monitor,Electronics,North,7,19973.43154742915,139814.02083200405,8145.421831980161,131668.59900002388
2025-08-16 16:30:32.936941,Speaker,Accessories,Central,8,5255.191080253324,42041.52864202659,4765.058317368868,37276.47032465773
2025-08-16 16:30:32.936941,Tablet,Electronics,West,8,34558.603222141246,276468.82577712997,15520.868693519235,260947.95708361073
2025-08-16 16:30:32.936941,Speaker,Accessories,West,1,4575.036497281315,4575.036497281315,684.3155181452292,3890.7209791360856
2025-08-16 16:30:32.936941,Laptop,Electronics,East,6,50667.90031391493,304007.40188348957,11758.896268379167,292248.5056151104
2025-08-16 16:30:32.936941,Mouse,Peripherals,Central,3,655.8537197736184,1967.5611593208553,187.43987247275302,1780.1212868481023
2025-08-17 16:30:32.936941,Keyboard,Peripherals,West,9,5029.424624351635,45264.82161916472,6221.8654642082065,39042.95615495652
2025-08-17 16:30:32.936941,Mouse,Peripherals,South,5,1679.6074370940344,8398.037185470172,25.439657252990656,8372.59752821718
2025-08-18 16:30:32.936941,Monitor,Electronics,West,3,20652.842990895697,61958.52897268709,4384.499805431759,57574.02916725533
2025-08-18 16:30:32.936941,Tablet,Electronics,Central,2,45297.31555485286,90594.63110970572,10236.70121282214,80357.92989688358
2025-08-19 16:30:32.936941,USB Drive,Peripherals,South,9,1284.4809622875646,11560.328660588082,133.26075547577946,11427.067905112302
2025-08-19 16:30:32.936941,Headphones,Accessories,East,5,5266.57795214961,26332.889760748047,2392.376828445408,23940.512932302638
2025-08-20 16:30:32.936941,Tablet,Electronics,West,3,32095.115115864723,96285.34534759416,5782.618804677591,90502.72654291657
2025-08-20 16:30:32.936941,Laptop,Electronics,Central,3,73630.52404467839,220891.57213403517,281.1732825390221,220610.39885149614
2025-08-20 16:30:32.936941,Mouse,Peripherals,West,6,1521.0269696204814,9126.161817722888,305.7013886632512,8820.460429059638
2025-08-20 16:30:32.936941,Speaker,Accessories,Central,4,12019.471998985357,48077.887995941426,198.21451778296876,47879.67347815846
2025-08-21 16:30:32.936941,Tablet,Electronics,West,2,39902.95151091364,79805.90302182728,8436.892046129453,71369.01097569783
2025-08-21 16:30:32.936941,Headphones,Accessories,East,1,4872.056530618738,4872.056530618738,241.36220791935867,4630.69432269938
2025-08-21 16:30:32.936941,Headphones,Accessories,East,2,8822.567278426086,17645.134556852172,2451.8867403685454,15193.247816483627
2025-08-21 16:30:32.936941,Mobile Phone,Electronics,West,5,24748.680096692566,123743.40048346283,3974.320808799224,119769.0796746636
2025-08-21 16:30:32.936941,Keyboard,Peripherals,North,3,3961.591324174952,11884.773972524858,1135.41004912802,10749.363923396837
2025-08-22 16:30:32.936941,Speaker,Accessories,South,2,13806.00126195754,27612.00252391508,3552.840246789542,24059.162277125535
2025-08-22 16:30:32.936941,Laptop,Electronics,East,5,88363.14881120317,441815.74405601586,64268.283488620495,377547.4605673954
2025-08-22 16:30:32.936941,Mouse,Peripherals,Central,4,2793.4049626631913,11173.619850652765,629.8484069969928,10543.771443655773
2025-08-22 16:30:32.936941,Webcam,Accessories,North,9,6858.181622363526,61723.63460127173,8821.012945473607,52902.621655798124
2025-08-22 16:30:32.936941,Mobile Phone,Electronics,South,4,51020.88343320296,204083.53373281183,20478.302242031154,183605.2314907807
2025-08-23 16:30:32.936941,Webcam,Accessories,Central,4,5649.916408400402,22599.66563360161,1227.6662124403408,21371.99942116127
2025-08-23 16:30:32.936941,Headphones,Accessories,West,6,2388.004652076759,14328.027912460555,1159.8122207254296,13168.215691735126
2025-08-23 16:30:32.936941,Headphones,Accessories,East,1,4099.301994864287,4099.301994864287,40.07395391860617,4059.2280409456807
2025-08-24 16:30:32.936941,Monitor,Electronics,North,9,14810.977297147223,133298.795674325,10848.254097693114,122450.54157663188
2025-08-24 16:30:32.936941,Headphones,Accessories,South,3,8543.583286171648,25630.749858514944,194.54272437192847,25436.207134143016
2025-08-25 16:30:32.936941,Mobile Phone,Electronics,West,3,53203.54641378582,159610.63924135745,12573.546531822954,147037.0927095345
2025-08-25 16:30:32.936941,Headphones,Accessories,Central,6,4197.732409011069,25186.394454066412,83.74132068502409,25102.653133381387
2025-08-25 16:30:32.936941,Headphones,Accessories,West,7,1109.2371248368047,7764.659873857633,1079.690063371403,6684.96981048623
2025-08-25 16:30:32.936941,Headphones,Accessories,Central,9,2227.468536403091,20047.21682762782,1207.7801933011203,18839.4366343267
2025-08-26 16:30:32.936941,Keyboard,Peripherals,East,3,6973.252093435888,20919.756280307665,1011.0312694000075,19908.72501090766
2025-08-26 16:30:32.936941,Mouse,Peripherals,West,9,1433.8010456009035,12904.209410408132,279.55146744138705,12624.657942966745
2025-08-27 16:30:32.936941,Speaker,Accessories,East,4,4545.07644837077,18180.30579348308,683.3194051683917,17496.986388314686
2025-08-27 16:30:32.936941,Monitor,Electronics,East,7,13725.392644885582,96077.74851419908,627.1982135853453,95450.55030061373
2025-08-27 16:30:32.936941,Keyboard,Peripherals,Central,6,6111.039844132337,36666.23906479402,4754.5675221066285,31911.671542687393
2025-08-28 16:30:32.936941,USB Drive,Peripherals,West,1,1935.6272261663282,1935.6272261663282,202.0281585853089,1733.5990675810194
2025-08-28 16:30:32.936941,Mobile Phone,Electronics,West,6,47452.724442404724,284716.34665442834,21390.8794913916,263325.46716303675
2025-08-28 16:30:32.936941,Keyboard,Peripherals,South,6,6068.50359664952,36411.02157989712,4099.50251461019,32311.519065286928
2025-08-28 16:30:32.936941,Keyboard,Peripherals,East,7,1995.3889510712925,13967.722657499047,719.1601764182832,13248.562481080764
2025-08-28 16:30:32.936941,Mouse,Peripherals,North,9,953.2827037116555,8579.5443334049,695.3637468049495,7884.18058659995
2025-08-29 16:30:32.936941,Webcam,Accessories,South,9,3409.0416292135114,30681.374662921604,336.2954132094045,30345.0792497122
2025-08-29 16:30:32.936941,Tablet,Electronics,North,3,44551.67422197682,133655.02266593045,14524.16614353555,119130.8565223949
2025-08-30 16:30:32.936941,Monitor,Electronics,Central,1,28273.618666398906,28273.618666398906,553.1993094793376,27720.41935691957
2025-08-30 16:30:32.936941,Webcam,Accessories,Central,2,3706.06345891876,7412.12691783752,727.067024297152,6685.059893540368
2025-08-30 16:30:32.936941,Mouse,Peripherals,East,6,1428.4075474501724,8570.445284701034,311.64979515782284,8258.795489543212
2025-08-30 16:30:32.936941,Tablet,Electronics,South,6,47857.85684135001,287147.1410481001,13144.282507108355,274002.8585409917
2025-08-31 16:30:32.936941,Keyboard,Peripherals,South,5,7703.309744611489,38516.54872305744,2563.6732068198075,35952.87551623763
2025-08-31 16:30:32.936941,Mouse,Peripherals,Central,2,2777.6638231846764,5555.327646369353,819.7095864860081,4735.618059883344
2025-08-31 16:30:32.936941,Headphones,Accessories,West,1,1286.5757009328806,1286.5757009328806,24.996868338300846,1261.5788325945798
2025-09-01 16:30:32.936941,Speaker,Accessories,East,2,12190.92007500513,24381.84015001026,2490.5242523589336,21891.315897651326
2025-09-01 16:30:32.936941,Monitor,Electronics,West,7,39920.98544649112,279446.89812543785,22274.641283884706,257172.25684155314
2025-09-02 16:30:32.936941,USB Drive,Peripherals,West,4,1247.557168176379,4990.228672705516,84.368560650374,4905.860112055142
2025-09-02 16:30:32.936941,Tablet,Electronics,East,3,15912.026009495756,47736.07802848727,2065.480548529275,45670.59747995799
2025-09-02 16:30:32.936941,Tablet,Electronics,South,1,43721.89575735181,43721.89575735181,1652.0860378214581,42069.809719530356
2025-09-02 16:30:32.936941,Speaker,Accessories,West,5,13356.724512791105,66783.62256395552,1445.0633813563845,65338.559182599136
2025-09-02 16:30:32.936941,Tablet,Electronics,Central,1,36572.471325965875,36572.471325965875,5018.557621853305,31553.91370411257
2025-09-03 16:30:32.936941,Laptop,Electronics,Central,8,89201.6693359255,713613.354687404,18971.717649655402,694641.6370377486
2025-09-03 16:30:32.936941,Laptop,Electronics,North,3,56153.99071445897,168461.9721433769,1840.4317743356394,166621.54036904123
2025-09-04 16:30:32.936941,Laptop,Electronics,North,6,96304.97653744373,577829.8592246624,44543.8515820215,533286.007642641
2025-09-04 16:30:32.936941,Mouse,Peripherals,South,4,2418.7667384884103,9675.066953953641,695.6256232742758,8979.441330679365
2025-09-04 16:30:32.936941,Headphones,Accessories,North,1,2655.1941861111836,2655.1941861111836,298.9838472761403,2356.2103388350433
2025-09-05 16:30:32.936941,Tablet,Electronics,North,4,36423.835212530044,145695.34085012018,14541.364819335158,131153.976030785
2025-09-05 16:30:32.936941,Headphones,Accessories,Central,3,3401.234038830262,10203.702116490786,208.50415049291936,9995.197965997866
2025-09-05 16:30:32.936941,USB Drive,Peripherals,East,7,1576.8716025841074,11038.101218088752,168.9852472275238,10869.115970861229
2025-09-06 16:30:32.936941,Laptop,Electronics,Central,7,41991.78916632819,293942.5241642973,15059.327341794151,278883.1968225032
2025-09-06 16:30:32.936941,Webcam,Accessories,West,1,3468.5549045607827,3468.5549045607827,337.5849079214139,3130.9699966393687
2025-09-06 16:30:32.936941,USB Drive,Peripherals,North,1,1828.8241063576165,1828.8241063576165,14.653454597284401,1814.170651760332
2025-09-06 16:30:32.936941,Laptop,Electronics,Central,4,93956.72755217997,375826.9102087199,7445.814101058328,368381.09610766155
2025-09-06 16:30:32.936941,Speaker,Accessories,West,4,12433.127944129536,49732.51177651814,6725.717665953222,43006.79411056492
2025-09-07 16:30:32.936941,Laptop,Electronics,North,7,96485.54030907279,675398.7821635095,15177.860571569723,660220.9215919398
2025-09-07 16:30:32.936941,Speaker,Accessories,East,1,8429.621265634396,8429.621265634396,1245.9124191940643,7183.708846440331
2025-09-08 16:30:32.936941,Speaker,Accessories,East,8,2456.1389458119,19649.1115664952,1576.5605672995978,18072.550999195602
2025-09-08 16:30:32.936941,Laptop,Electronics,Central,8,65143.503919785726,521148.0313582858,38579.310911023254,482568.7204472626
2025-09-08 16:30:32.936941,Mouse,Peripherals,South,2,1969.9356209258713,3939.8712418517425,526.452624645964,3413.4186172057784
2025-09-09 16:30:32.936941,Mobile Phone,Electronics,North,9,78909.03259789036,710181.2933810132,101943.98822149532,608237.3051595179
2025-09-09 16:30:32.936941,Speaker,Accessories,South,7,12122.477963973823,84857.34574781675,11813.825071258423,73043.52067655833
2025-09-09 16:30:32.936941,Headphones,Accessories,South,4,3589.7186129625834,14358.874451850334,308.640437475132,14050.2340143752
2025-09-09 16:30:32.936941,Webcam,Accessories,Central,1,2852.6417589954945,2852.6417589954945,110.99269968925485,2741.6490593062395
2025-09-09 16:30:32.936941,Monitor,Electronics,East,6,11512.510168905079,69075.06101343047,872.1117061384739,68202.949307292
2025-09-10 16:30:32.936941,Monitor,Electronics,West,2,22779.1909665974,45558.3819331948,2123.876497950226,43434.50543524458
2025-09-10 16:30:32.936941,Mobile Phone,Electronics,East,6,20312.751108615495,121876.50665169297,12019.5470489542,109856.95960273876
2025-09-10 16:30:32.936941,Mouse,Peripherals,West,5,2289.360097501168,11446.800487505841,879.4481979404485,10567.352289565393
2025-09-10 16:30:32.936941,Webcam,Accessories,South,7,3332.3910472483517,23326.737330738462,1653.858898109747,21672.878432628717
2025-09-10 16:30:32.936941,Headphones,Accessories,East,6,7062.700193546147,42376.201161276884,237.93375096235215,42138.26741031453
2025-09-11 16:30:32.936941,Mobile Phone,Electronics,North,7,44221.786011953554,309552.5020836749,44578.670521677304,264973.8315619976
2025-09-11 16:30:32.936941,Mobile Phone,Electronics,West,7,72275.23434921165,505926.6404444815,11964.704277872128,493961.9361666094
2025-09-11 16:30:32.936941,Mouse,Peripherals,West,5,2393.9595817976433,11969.797908988217,1510.039628974495,10459.758280013722
2025-09-12 16:30:32.936941,Speaker,Accessories,West,5,2693.8814243043907,13469.407121521954,149.4879605673905,13319.919160954563
2025-09-12 16:30:32.936941,Laptop,Electronics,North,6,55404.64524607347,332427.8714764408,20676.19140176811,311751.6800746727
2025-09-12 16:30:32.936941,Tablet,Electronics,North,5,23675.645031338274,118378.22515669136,16800.954579558387,101577.27057713298
2025-09-12 16:30:32.936941,USB Drive,Peripherals,West,8,1391.3803507998782,11131.042806399026,951.6829879335584,10179.359818465467
2025-09-13 16:30:32.936941,Keyboard,Peripherals,Central,5,4086.7424468932463,20433.71223446623,2709.2092995625917,17724.50293490364
2025-09-13 16:30:32.936941,Mobile Phone,Electronics,Central,4,34967.07601714594,139868.30406858376,11262.445164507508,128605.85890407626
2025-09-14 16:30:32.936941,Laptop,Electronics,South,2,49541.507845985594,99083.01569197119,14330.707666540498,84752.30802543068
2025-09-14 16:30:32.936941,Headphones,Accessories,Central,2,5308.315137013151,10616.630274026302,888.3792094736601,9728.251064552642
2025-09-15 16:30:32.936941,USB Drive,Peripherals,East,5,1313.0629768309234,6565.314884154617,382.2795755866854,6183.035308567932
2025-09-15 16:30:32.936941,Laptop,Electronics,North,9,78199.27356074727,703793.4620467254,74865.02651764153,628928.435529084
2025-09-15 16:30:32.936941,Monitor,Electronics,Central,4,11052.138384355974,44208.5535374239,2534.1062686007645,41674.44726882313
2025-09-16 16:30:32.936941,Webcam,Accessories,North,9,7223.794092391952,65014.14683152757,2620.1518322741986,62393.99499925337
2025-09-16 16:30:32.936941,Tablet,Electronics,East,8,17645.855630656046,141166.84504524837,9063.923447557134,132102.92159769122
2025-09-17 16:30:32.936941,Laptop,Electronics,South,7,47863.34460530005,335043.41223710036,7226.141249467033,327817.2709876333
2025-09-17 16:30:32.936941,Webcam,Accessories,South,3,6237.732884234044,18713.198652702133,1793.5356392981355,16919.663013404
2025-09-17 16:30:32.936941,Mouse,Peripherals,North,5,1436.6532487815844,7183.266243907921,644.5565227646625,6538.709721143259
2025-09-17 16:30:32.936941,Monitor,Electronics,South,6,10429.853663569063,62579.121981414384,6463.087882003271,56116.03409941111
2025-09-17 16:30:32.936941,Webcam,Accessories,South,1,7593.3661891067795,7593.3661891067795,309.39565097793945,7283.97053812884
2025-09-18 16:30:32.936941,Webcam,Accessories,West,2,5797.93168515451,11595.86337030902,1397.9487430309457,10197.914627278074
2025-09-18 16:30:32.936941,Speaker,Accessories,East,2,3264.6577885092083,6529.315577018417,649.3633895669738,5879.952187451443
2025-09-18 16:30:32.936941,Mouse,Peripherals,South,9,1977.655195122473,17798.89675610226,1108.5089868696366,16690.38776923262
2025-09-19 16:30:32.936941,Mobile Phone,Electronics,Central,7,22171.08785197551,155197.61496382856,21200.2519853956,133997.36297843297
2025-09-19 16:30:32.936941,Keyboard,Peripherals,North,4,7116.623506653967,28466.494026615866,3954.7391839677457,24511.754842648123
2025-09-19 16:30:32.936941,Mobile Phone,Electronics,West,5,78217.62396492514,391088.11982462567,20240.02257079896,370848.0972538267
2025-09-19 16:30:32.936941,Headphones,Accessories,North,1,1121.0973196763239,1121.0973196763239,154.04695733841507,967.0503623379088
2025-09-20 16:30:32.936941,Keyboard,Peripherals,Central,7,3831.196389609911,26818.374727269376,1583.8412100229868,25234.53351724639
2025-09-20 16:30:32.936941,Webcam,Accessories,Central,3,5175.533245704501,15526.599737113502,2210.0720389401963,13316.527698173306
2025-09-20 16:30:32.936941,Mouse,Peripherals,East,2,1113.04894596844,2226.09789193688,45.67111012605208,2180.426781810828
2025-09-21 16:30:32.936941,Laptop,Electronics,East,5,68511.33473482092,342556.6736741046,17372.223290066373,325184.45038403827
2025-09-21 16:30:32.936941,USB Drive,Peripherals,West,8,1478.0219230086968,11824.175384069575,1000.1912540735748,10823.984129995999
2025-09-21 16:30:32.936941,Headphones,Accessories,East,5,4647.311025148969,23236.555125744846,858.9425625802594,22377.61256316459
2025-09-22 16:30:32.936941,Speaker,Accessories,West,1,11153.29589716685,11153.29589716685,657.1651046793343,10496.130792487516
2025-09-22 16:30:32.936941,Mouse,Peripherals,South,4,1618.7506813091363,6475.002725236545,373.0061774962399,6101.996547740306
2025-09-23 16:30:32.936941,Webcam,Accessories,West,4,4284.5497443091,17138.1989772364,855.7981412461677,16282.400835990233
2025-09-23 16:30:32.936941,Mobile Phone,Electronics,Central,7,48889.62071296366,342227.34499074565,9199.576651719117,333027.76833902654
2025-09-23 16:30:32.936941,Monitor,Electronics,South,3,20619.152439365913,61857.45731809774,1392.0171415193056,60465.440176578435
2025-09-23 16:30:32.936941,Mobile Phone,Electronics,North,4,21852.08795254766,87408.35181019064,11622.28718756124,75786.0646226294
2025-09-24 16:30:32.936941,Monitor,Electronics,South,6,27763.216404131283,166579.2984247877,15622.014540791435,150957.28388399628
2025-09-24 16:30:32.936941,Mouse,Peripherals,South,3,593.2513696536955,1779.7541089610866,256.8138781042134,1522.940230856873
2025-09-24 16:30:32.936941,Mouse,Peripherals,East,6,1290.8051425237018,7744.830855142211,736.1962161101344,7008.634639032076
2025-09-25 16:30:32.936941,Keyboard,Peripherals,North,2,5049.9390580119525,10099.878116023905,743.9239274108538,9355.954188613052
2025-09-25 16:30:32.936941,Mobile Phone,Electronics,North,9,26845.17862634585,241606.60763711264,7001.922025886989,234604.68561122566
2025-09-25 16:30:32.936941,Monitor,Electronics,West,6,21867.463357482902,131204.7801448974,3046.7962179698043,128157.9839269276
2025-09-25 16:30:32.936941,Keyboard,Peripherals,East,5,5833.2085270453035,29166.042635226517,1185.1011345281343,27980.941500698384
2025-09-26 16:30:32.936941,Mobile Phone,Electronics,South,1,77108.45610734995,77108.45610734995,668.1405193157689,76440.31558803418
2025-09-26 16:30:32.936941,Mobile Phone,Electronics,South,7,61038.81995361137,427271.7396752796,33704.88053516196,393566.85914011765
2025-09-26 16:30:32.936941,Mouse,Peripherals,West,9,2184.24660247643,19658.219422287868,443.22861847892347,19214.990803808945
2025-09-27 16:30:32.936941,Speaker,Accessories,Central,8,2285.617420432596,18284.93936346077,1140.6790995662636,17144.260263894506
2025-09-27 16:30:32.936941,Speaker,Accessories,West,6,8478.574587035986,50871.447522215916,7227.17812377211,43644.26939844381
2025-09-27 16:30:32.936941,Mobile Phone,Electronics,North,5,73493.00296477225,367465.0148238613,28517.965376654294,338947.049447207
2025-09-27 16:30:32.936941,Mobile Phone,Electronics,East,3,72142.82614860902,216428.47844582706,10088.652133304815,206339.82631252223
2025-09-28 16:30:32.936941,Speaker,Accessories,North,1,10141.914232060255,10141.914232060255,1346.3293984460167,8795.584833614239
2025-09-28 16:30:32.936941,Webcam,Accessories,Central,1,4046.7338762858863,4046.7338762858863,118.66039841744208,3928.073477868444
2025-09-28 16:30:32.936941,Keyboard,Peripherals,West,6,1861.057017669699,11166.342106018194,1542.2362370511112,9624.105868967083
2025-09-29 16:30:32.936941,Laptop,Electronics,East,2,70138.11430986678,140276.22861973356,14562.252572180872,125713.97604755269
2025-09-29 16:30:32.936941,Mouse,Peripherals,West,6,1691.5179537187105,10149.107722312263,1060.6949198519005,9088.412802460363
2025-09-29 16:30:32.936941,Mobile Phone,Electronics,Central,6,75019.00383088415,450114.0229853049,14735.408974835904,435378.614010469
2025-09-29 16:30:32.936941,Headphones,Accessories,Central,2,2646.760450733825,5293.52090146765,339.24629450189667,4954.274606965753
2025-09-29 16:30:32.936941,Speaker,Accessories,South,3,5128.903819903431,15386.711459710294,1302.5032072350148,14084.208252475279
2025-09-30 16:30:32.936941,Mouse,Peripherals,South,4,1531.7918177075753,6127.167270830301,646.6475018613717,5480.519768968929
2025-09-30 16:30:32.936941,Tablet,Electronics,East,2,27698.7010664966,55397.4021329932,2791.72700114914,52605.67513184406
2025-09-30 16:30:32.936941,Monitor,Electronics,East,7,26223.04698482009,183561.3288937406,12089.457828033304,171471.8710657073
2025-10-01 16:30:32.936941,USB Drive,Peripherals,South,3,518.2813265176138,1554.8439795528416,121.71465746922661,1433.129322083615
2025-10-01 16:30:32.936941,Mobile Phone,Electronics,South,1,51646.46273346671,51646.46273346671,4581.615136586957,47064.84759687975
2025-10-02 16:30:32.936941,Mouse,Peripherals,East,6,2765.6684932245753,16594.01095934745,1576.6767103641846,15017.334248983267
2025-10-02 16:30:32.936941,Mouse,Peripherals,East,7,1635.7903796959777,11450.532657871843,1532.8241887593988,9917.708469112444
2025-10-02 16:30:32.936941,USB Drive,Peripherals,North,3,1068.1271726610107,3204.381517983032,142.79780842134977,3061.5837095616826
2025-10-02 16:30:32.936941,Keyboard,Peripherals,East,7,5145.808684725419,36020.660793077936,3611.893023319986,32408.76776975795
2025-10-02 16:30:32.936941,Headphones,Accessories,West,7,5854.763734781203,40983.34614346842,3214.083228767622,37769.2629147008
2025-10-03 16:30:32.936941,Webcam,Accessories,Central,6,3699.9664316697585,22199.798590018552,3257.220345069525,18942.57824494903
2025-10-03 16:30:32.936941,Headphones,Accessories,West,1,9078.526075081467,9078.526075081467,664.834052684713,8413.692022396754
2025-10-03 16:30:32.936941,Mobile Phone,Electronics,South,2,65949.53281774661,131899.06563549323,19369.958660683697,112529.10697480953
2025-10-04 16:30:32.936941,Monitor,Electronics,North,4,32289.55970111812,129158.23880447248,12101.524298221882,117056.7145062506
2025-10-04 16:30:32.936941,Mouse,Peripherals,East,5,2675.7594462496063,13378.79723124803,1923.1063662846095,11455.69086496342
2025-10-04 16:30:32.936941,Webcam,Accessories,West,7,6188.94586411907,43322.62104883349,3795.5289028993684,39527.09214593412
2025-10-04 16:30:32.936941,Keyboard,Peripherals,West,3,6335.2729367710235,19005.81881031307,2672.235885072909,16333.582925240162
2025-10-05 16:30:32.936941,Keyboard,Peripherals,West,9,3806.9659623705966,34262.69366133537,1524.6410921654901,32738.05256916988
2025-10-05 16:30:32.936941,Webcam,Accessories,South,7,7746.467798703502,54225.27459092451,2735.3658441496173,51489.9087467749
2025-10-05 16:30:32.936941,Monitor,Electronics,East,2,23480.081783063022,46960.163566126044,5037.637936597522,41922.52562952852
2025-10-05 16:30:32.936941,Webcam,Accessories,South,9,4323.121858483153,38908.096726348376,3834.398106953538,35073.69861939484
2025-10-06 16:30:32.936941,USB Drive,Peripherals,East,2,1319.552736539206,2639.105473078412,329.61827051428577,2309.487202564126
2025-10-06 16:30:32.936941,Tablet,Electronics,West,1,19935.86760101175,19935.86760101175,1714.4558455413473,18221.411755470403
2025-10-07 16:30:32.936941,Keyboard,Peripherals,East,1,2824.659929449491,2824.659929449491,395.2878686488424,2429.3720608006483
2025-10-07 16:30:32.936941,USB Drive,Peripherals,Central,8,1366.807515316732,10934.460122533856,416.8966426948769,10517.563479838978
2025-10-08 16:30:32.936941,Headphones,Accessories,East,2,8530.63812950427,17061.27625900854,168.31231351298757,16892.963945495554
2025-10-08 16:30:32.936941,Mouse,Peripherals,East,4,2207.6247450739083,8830.498980295633,1236.69930040096,7593.799679894673
2025-10-09 16:30:32.936941,Mouse,Peripherals,East,9,1381.3196281596283,12431.876653436655,1701.804297580989,10730.072355855666
2025-10-09 16:30:32.936941,Mobile Phone,Electronics,Central,2,64757.27707423997,129514.55414847995,5354.81880827981,124159.73534020013
2025-10-09 16:30:32.936941,Headphones,Accessories,Central,8,2510.483692283283,20083.869538266263,1163.419230461557,18920.450307804706
2025-10-10 16:30:32.936941,Speaker,Accessories,South,7,14461.202103343865,101228.41472340706,9661.786612876702,91566.62811053035
2025-10-10 16:30:32.936941,Speaker,Accessories,North,5,6764.7236462100645,33823.61823105032,516.6761045905012,33306.94212645982
2025-10-10 16:30:32.936941,USB Drive,Peripherals,South,7,1354.742720409268,9483.199042864877,776.3987313016129,8706.800311563264
2025-10-11 16:30:32.936941,USB Drive,Peripherals,East,1,1059.3973528499168,1059.3973528499168,108.09769972971921,951.2996531201976
2025-10-11 16:30:32.936941,Mobile Phone,Electronics,West,7,33339.09255285357,233373.64786997502,16006.893299332947,217366.75457064208
2025-10-11 16:30:32.936941,USB Drive,Peripherals,South,6,1446.1302544721461,8676.781526832878,804.5983972273427,7872.183129605535
2025-10-12 16:30:32.936941,Monitor,Electronics,South,4,10499.18392605851,41996.73570423404,1504.7002852952567,40492.03541893878
2025-10-12 16:30:32.936941,Monitor,Electronics,South,7,39149.5181385848,274046.6269700936,23960.691394814963,250085.93557527862
2025-10-13 16:30:32.936941,Mouse,Peripherals,West,1,2883.567458502033,2883.567458502033,97.49077484955848,2786.0766836524745
2025-10-13 16:30:32.936941,Mobile Phone,Electronics,West,3,20586.333885168875,61759.001655506625,7247.879812445044,54511.121843061585
2025-10-13 16:30:32.936941,Webcam,Accessories,West,3,5828.836930946145,17486.510792838435,169.9946573667366,17316.5161354717
2025-10-13 16:30:32.936941,Webcam,Accessories,West,6,6476.689143219418,38860.13485931651,705.5957649918449,38154.53909432467
2025-10-13 16:30:32.936941,Speaker,Accessories,Central,9,11343.040032918005,102087.36029626205,6841.606434595093,95245.75386166696
2025-10-14 16:30:32.936941,Mouse,Peripherals,Central,2,2003.905172054751,4007.810344109502,37.31480039409928,3970.4955437154026
2025-10-14 16:30:32.936941,Laptop,Electronics,East,3,86055.70709519058,258167.12128557172,22647.19579993818,235519.92548563355
2025-10-14 16:30:32.936941,Speaker,Accessories,Central,7,9148.97391675562,64042.81741728934,7552.266101118099,56490.551316171244
2025-10-15 16:30:32.936941,Mobile Phone,Electronics,North,8,56615.50731141387,452924.058491311,49756.0562465222,403168.0022447888
2025-10-15 16:30:32.936941,Headphones,Accessories,East,3,6367.38955923931,19102.16867771793,1549.3099146795678,17552.858763038363
2025-10-15 16:30:32.936941,Tablet,Electronics,Central,4,28761.196105566014,115044.78442226406,3299.1917277216044,111745.59269454246
2025-10-16 16:30:32.936941,Laptop,Electronics,Central,3,98000.36000231758,294001.08000695275,35949.71260464419,258051.36740230856
2025-10-16 16:30:32.936941,Mouse,Peripherals,East,5,1987.5210542417472,9937.605271208737,1189.4964391698409,8748.108832038895
2025-10-16 16:30:32.936941,Mouse,Peripherals,North,7,1520.035417495672,10640.247922469704,257.08037828507685,10383.167544184627
2025-10-16 16:30:32.936941,Laptop,Electronics,North,6,75704.7361302313,454228.41678138776,41857.09023247478,412371.32654891297
2025-10-17 16:30:32.936941,Monitor,Electronics,South,5,21617.77120763302,108088.8560381651,1061.6711480740012,107027.1848900911
2025-10-17 16:30:32.936941,Speaker,Accessories,Central,3,5625.0568911279415,16875.170673383825,2496.0196662286457,14379.15100715518
2025-10-17 16:30:32.936941,Speaker,Accessories,Central,4,8258.605636556076,33034.422546224305,3869.118979873251,29165.303566351053
2025-10-17 16:30:32.936941,Webcam,Accessories,South,4,3176.844793165991,12707.379172663965,1887.3323719822486,10820.046800681715
2025-10-17 16:30:32.936941,USB Drive,Peripherals,East,3,1978.279035354298,5934.837106062894,289.89883279399766,5644.938273268896
2025-10-18 16:30:32.936941,Mouse,Peripherals,West,9,2040.7338904632416,18366.605014169174,2744.718955903277,15621.886058265896
2025-10-18 16:30:32.936941,Webcam,Accessories,Central,2,5089.927128366998,10179.854256733995,732.8360352191064,9447.018221514889
2025-10-18 16:30:32.936941,Tablet,Electronics,East,2,43692.76004596955,87385.5200919391,6302.411348933073,81083.10874300603
2025-10-19 16:30:32.936941,Laptop,Electronics,West,9,46129.79403437332,415168.1463093599,24495.985116964766,390672.1611923951
2025-10-19 16:30:32.936941,Mobile Phone,Electronics,East,2,70308.96143394944,140617.9228678989,9875.127682373019,130742.79518552587
2025-10-19 16:30:32.936941,Mouse,Peripherals,North,1,1115.9078798935989,1115.9078798935989,14.872510849718717,1101.03536904388
2025-10-19 16:30:32.936941,Mobile Phone,Electronics,South,6,67555.46841179265,405332.8104707559,15302.088015645597,390030.7224551103
2025-10-19 16:30:32.936941,Keyboard,Peripherals,East,5,5097.684548252821,25488.422741264105,3436.391565543087,22052.03117572102
2025-10-20 16:30:32.936941,Keyboard,Peripherals,West,9,4484.344400540336,40359.099604863026,4425.59174776333,35933.5078570997
2025-10-20 16:30:32.936941,Headphones,Accessories,Central,8,7595.0737512795495,60760.590010236396,2284.5559683352644,58476.03404190113
2025-10-20 16:30:32.936941,USB Drive,Peripherals,East,9,753.823850209237,6784.414651883133,798.9645652637416,5985.450086619391
2025-10-20 16:30:32.936941,USB Drive,Peripherals,North,9,1634.7257736498748,14712.531962848872,815.3951296580858,13897.136833190787
2025-10-21 16:30:32.936941,USB Drive,Peripherals,West,6,1226.2463710880027,7357.4782265280155,613.2105942056618,6744.267632322354
2025-10-21 16:30:32.936941,Keyboard,Peripherals,North,4,4816.675837800583,19266.703351202334,2477.428073199294,16789.27527800304
2025-10-21 16:30:32.936941,Monitor,Electronics,North,3,38748.95449213902,116246.86347641706,5272.931917504465,110973.93155891259
2025-10-22 16:30:32.936941,Mobile Phone,Electronics,North,9,70107.56980059225,630968.1282053302,92118.86191820237,538849.2662871279
2025-10-22 16:30:32.936941,Keyboard,Peripherals,North,1,6453.237583500869,6453.237583500869,848.9688264558873,5604.268757044982
2025-10-22 16:30:32.936941,Tablet,Electronics,South,5,36927.615754313374,184638.07877156686,4341.841157945154,180296.2376136217
2025-10-22 16:30:32.936941,Speaker,Accessories,South,7,14983.40230899028,104883.81616293197,10306.549327669327,94577.26683526264
2025-10-22 16:30:32.936941,Speaker,Accessories,South,8,2201.4989169741734,17611.991335793387,266.3059496567329,17345.685386136654
2025-10-23 16:30:32.936941,Keyboard,Peripherals,Central,7,3728.780642374364,26101.46449662055,1202.2951053947093,24899.169391225838
2025-10-23 16:30:32.936941,Mouse,Peripherals,West,2,2036.084137087738,4072.168274175476,292.9601870347765,3779.2080871406997
2025-10-23 16:30:32.936941,Headphones,Accessories,West,7,8221.625035497884,57551.37524848519,8163.571924492185,49387.803323993
2025-10-23 16:30:32.936941,Tablet,Electronics,South,1,40849.49642217448,40849.49642217448,733.932975076107,40115.56344709837
2025-10-24 16:30:32.936941,Mouse,Peripherals,West,4,550.6755141826314,2202.702056730526,234.05019829074357,1968.6518584397822
2025-10-24 16:30:32.936941,Laptop,Electronics,Central,9,66346.26684441805,597116.4015997624,31386.459768323904,565729.9418314385
2025-10-24 16:30:32.936941,Headphones,Accessories,West,3,2006.739517116902,6020.218551350707,653.6792780471638,5366.539273303542
2025-10-24 16:30:32.936941,Webcam,Accessories,West,6,4947.864605076187,29687.187630457123,2917.5758152032545,26769.61181525387
2025-10-24 16:30:32.936941,Mouse,Peripherals,North,1,1327.9143855550858,1327.9143855550858,162.41892973770638,1165.4954558173795
2025-10-25 16:30:32.936941,Headphones,Accessories,South,1,3466.1864566216695,3466.1864566216695,386.4511551840169,3079.7353014376527
2025-10-25 16:30:32.936941,Monitor,Electronics,North,8,26669.922194463583,213359.37755570866,31902.308209461546,181457.06934624712
2025-10-26 16:30:32.936941,Webcam,Accessories,North,8,2540.4431776813467,20323.545421450774,3038.049191213299,17285.496230237473
2025-10-26 16:30:32.936941,Speaker,Accessories,South,9,3061.211448067398,27550.903032606584,2124.9523069600727,25425.95072564651
2025-10-26 16:30:32.936941,Keyboard,Peripherals,East,5,1858.4823069031545,9292.411534515773,1089.22572760813,8203.185806907644
2025-10-26 16:30:32.936941,Headphones,Accessories,West,8,2468.258886050947,19746.071088407574,760.6754257295914,18985.395662677984
2025-10-27 16:30:32.936941,Mobile Phone,Electronics,East,7,54357.034718860064,380499.24303202046,5032.866982899264,375466.3760491212
2025-10-27 16:30:32.936941,USB Drive,Peripherals,Central,5,1414.7174869680525,7073.587434840263,223.8288756377493,6849.758559202513
2025-10-27 16:30:32.936941,Keyboard,Peripherals,Central,9,7037.549869305312,63337.94882374781,6154.632074502809,57183.316749245
2025-10-27 16:30:32.936941,Mouse,Peripherals,Central,1,2467.3992074104926,2467.3992074104926,325.3384186044731,2142.0607888060194
2025-10-28 16:30:32.936941,Mouse,Peripherals,Central,1,1934.7785150834945,1934.7785150834945,154.24078389654397,1780.5377311869506
2025-10-28 16:30:32.936941,Mobile Phone,Electronics,East,2,54202.26732712095,108404.5346542419,807.0315534534792,107597.50310078842
2025-10-28 16:30:32.936941,Keyboard,Peripherals,West,4,3482.621217586543,13930.484870346172,944.6468742125205,12985.837996133652
2025-10-28 16:30:32.936941,Webcam,Accessories,South,7,4876.113735294999,34132.79614706499,2323.12124498647,31809.67490207852
2025-10-28 16:30:32.936941,Monitor,Electronics,Central,5,10549.785056355959,52748.9252817798,5475.581314699456,47273.34396708034
2025-10-29 16:30:32.936941,Webcam,Accessories,North,8,4967.667877541265,39741.34302033012,3752.364156587653,35988.978863742464
2025-10-29 16:30:32.936941,Tablet,Electronics,East,3,23876.705919689626,71630.11775906887,2931.40940091416,68698.70835815472
2025-10-29 16:30:32.936941,Mobile Phone,Electronics,South,5,73216.03578255221,366080.17891276104,44455.63810197277,321624.5408107883
2025-10-30 16:30:32.936941,Monitor,Electronics,North,7,36449.43863724432,255146.07046071024,5302.4753268217755,249843.59513388848
2025-10-30 16:30:32.936941,Tablet,Electronics,East,4,43337.83162246582,173351.32648986328,11515.511311897624,161835.81517796565
2025-10-30 16:30:32.936941,Tablet,Electronics,Central,4,49926.82626266002,199707.30505064008,28112.791219470106,171594.51383116998
2025-10-31 16:30:32.936941,Mouse,Peripherals,West,3,2194.1844369201167,6582.55331076035,900.2706844771185,5682.282626283231
2025-10-31 16:30:32.936941,Webcam,Accessories,South,4,7930.500949041805,31722.00379616722,4681.359529708012,27040.64426645921
2025-10-31 16:30:32.936941,Webcam,Accessories,West,1,5736.567154041131,5736.567154041131,96.23648264531458,5640.330671395816
2025-10-31 16:30:32.936941,Mouse,Peripherals,South,8,2784.0200597028615,22272.160477622892,2867.3108635062276,19404.849614116665
2025-10-31 16:30:32.936941,USB Drive,Peripherals,Central,9,792.2061196895314,7129.855077205782,626.5991273738714,6503.2559498319115
2025-11-01 16:30:32.936941,Tablet,Electronics,Central,3,27841.348165288124,83524.04449586436,9105.24079136538,74418.80370449898
2025-11-01 16:30:32.936941,Tablet,Electronics,West,5,33896.88030072521,169484.40150362608,4981.743682608627,164502.65782101746
2025-11-02 16:30:32.936941,Monitor,Electronics,South,8,22662.059144122384,181296.47315297907,26209.463749604955,155087.0094033741
2025-11-02 16:30:32.936941,Tablet,Electronics,East,4,19947.508121093255,79790.03248437302,8760.252052699998,71029.78043167302
2025-11-03 16:30:32.936941,USB Drive,Peripherals,Central,6,766.1692212031153,4597.015327218692,87.87865197051585,4509.136675248176
2025-11-03 16:30:32.936941,Laptop,Electronics,East,1,83839.8173035634,83839.8173035634,8286.1481978316,75553.6691057318
2025-11-03 16:30:32.936941,Laptop,Electronics,West,9,51551.02133181418,463959.19198632764,11618.976837827291,452340.21514850034
2025-11-03 16:30:32.936941,Tablet,Electronics,South,9,27091.59712911708,243824.37416205372,13328.7658954792,230495.6082665745
2025-11-04 16:30:32.936941,Mouse,Peripherals,Central,7,1159.8945840587164,8119.262088411015,430.65357998038627,7688.608508430629
2025-11-04 16:30:32.936941,Speaker,Accessories,West,9,7808.533305216214,70276.79974694592,7619.98176469316,62656.81798225276
2025-11-05 16:30:32.936941,Mouse,Peripherals,West,2,1521.0467687467315,3042.093537493463,250.3060384264412,2791.7874990670216
2025-11-05 16:30:32.936941,Mouse,Peripherals,West,8,2455.572501180309,19644.58000944247,1019.9324698481732,18624.647539594298
2025-11-05 16:30:32.936941,USB Drive,Peripherals,South,2,570.16572528517,1140.33145057034,22.50912971559205,1117.8223208547479
2025-11-05 16:30:32.936941,Mobile Phone,Electronics,Central,1,27967.80289943426,27967.80289943426,3405.9188416963334,24561.884057737927
2025-11-06 16:30:32.936941,Laptop,Electronics,South,3,61156.995983568246,183470.98795070473,3007.0742099722106,180463.91374073253
2025-11-06 16:30:32.936941,Monitor,Electronics,North,8,33925.436788164305,271403.49430531444,36130.96720187624,235272.5271034382
2025-11-06 16:30:32.936941,Monitor,Electronics,South,2,20914.98130805156,41829.96261610312,2410.5926801895516,39419.369935913564
2025-11-06 16:30:32.936941,Speaker,Accessories,East,6,12365.218024203255,74191.30814521953,4854.434826312907,69336.87331890663
2025-11-06 16:30:32.936941,Tablet,Electronics,West,8,47429.093950246956,379432.75160197564,35869.987012321006,343562.76458965463
2025-11-07 16:30:32.936941,Webcam,Accessories,West,1,5816.010823933763,5816.010823933763,825.463174351614,4990.5476495821495
2025-11-07 16:30:32.936941,Speaker,Accessories,Central,9,10567.80854572905,95110.27691156146,148.76047186598527,94961.51643969548
2025-11-07 16:30:32.936941,Mobile Phone,Electronics,Central,4,64174.25580290707,256697.0232116283,13598.786463986384,243098.2367476419
2025-11-07 16:30:32.936941,Mobile Phone,Electronics,East,2,67876.80625354535,135753.6125070907,12585.021356148114,123168.59115094258
2025-11-07 16:30:32.936941,Speaker,Accessories,East,4,4741.915229828837,18967.66091931535,2010.6502915088788,16957.01062780647
2025-11-08 16:30:32.936941,Speaker,Accessories,North,8,12334.0837266775,98672.66981342,7985.3094991609705,90687.36031425903
2025-11-08 16:30:32.936941,USB Drive,Peripherals,Central,5,730.7944541807556,3653.972270903778,393.3641702638337,3260.608100639944
2025-11-09 16:30:32.936941,Headphones,Accessories,West,3,1288.3354009275536,3865.0062027826607,407.6017400878978,3457.404462694763
2025-11-09 16:30:32.936941,Mobile Phone,Electronics,South,5,49963.735950263945,249818.67975131972,13969.00041310153,235849.67933821818
2025-11-09 16:30:32.936941,Monitor,Electronics,North,9,32888.30002516901,295994.7002265211,20786.863313588135,275207.836912933
2025-11-09 16:30:32.936941,USB Drive,Peripherals,East,7,1660.9411997348152,11626.588398143707,257.9552852686765,11368.633112875032
2025-11-10 16:30:32.936941,Keyboard,Peripherals,North,4,2344.7068764999867,9378.827505999947,570.427050421606,8808.400455578341
2025-11-10 16:30:32.936941,USB Drive,Peripherals,North,9,1700.7644686935319,15306.880218241786,978.8785995646219,14328.001618677165
2025-11-11 16:30:32.936941,Headphones,Accessories,South,6,7683.338661780071,46100.03197068042,5635.916334440324,40464.115636240094
2025-11-11 16:30:32.936941,Webcam,Accessories,East,1,7366.792275890543,7366.792275890543,323.6662901572973,7043.125985733246
2025-11-11 16:30:32.936941,Webcam,Accessories,West,2,2301.013060992132,4602.026121984264,608.822119723638,3993.204002260626
2025-11-12 16:30:32.936941,Tablet,Electronics,Central,3,46898.416316480056,140695.24894944017,16143.499175059567,124551.7497743806
2025-11-12 16:30:32.936941,Tablet,Electronics,South,4,41236.740444727504,164946.96177891002,3964.3874691574797,160982.57430975253
2025-11-13 16:30:32.936941,Headphones,Accessories,North,9,3833.2074352063305,34498.866916856976,3721.5534447500445,30777.313472106933
2025-11-13 16:30:32.936941,Webcam,Accessories,East,3,3295.1474045912746,9885.442213773824,1159.3451976398005,8726.097016134023
2025-11-14 16:30:32.936941,Speaker,Accessories,East,7,14101.350207888763,98709.45145522134,13665.254014967362,85044.19744025398
2025-11-14 16:30:32.936941,Webcam,Accessories,Central,2,6160.347385288555,12320.69477057711,82.65796954442655,12238.036801032684
2025-11-14 16:30:32.936941,Tablet,Electronics,East,7,44308.57355796591,310160.01490576135,15067.819326890532,295092.19557887083
2025-11-14 16:30:32.936941,Monitor,Electronics,East,3,34986.071253939685,104958.21376181906,7717.6004210256215,97240.61334079344
2025-11-14 16:30:32.936941,Webcam,Accessories,East,8,7035.036863061783,56280.294904494265,6408.8832480454,49871.411656448865
2025-11-15 16:30:32.936941,Speaker,Accessories,North,3,14970.120043510811,44910.360130532434,6510.1875610868265,38400.17256944561
2025-11-15 16:30:32.936941,Tablet,Electronics,West,5,38125.73786686561,190628.68933432805,10766.316842190457,179862.3724921376
2025-11-15 16:30:32.936941,Laptop,Electronics,East,3,77083.04850012233,231249.14550036698,23751.225245591435,207497.92025477556
2025-11-15 16:30:32.936941,Tablet,Electronics,South,6,45166.84819065328,271001.0891439197,1833.6884750289,269167.4006688908
2025-11-16 16:30:32.936941,Headphones,Accessories,South,7,8519.217769976902,59634.52438983831,1329.5894907563152,58304.934899082
2025-11-16 16:30:32.936941,Keyboard,Peripherals,South,5,1566.3272173540938,7831.636086770469,591.553092480696,7240.082994289773
2025-11-16 16:30:32.936941,Mouse,Peripherals,West,7,671.5507223685272,4700.85505657969,532.3495214204738,4168.505535159216
2025-11-16 16:30:32.936941,Tablet,Electronics,Central,4,15892.974210266937,63571.89684106775,2812.352063482373,60759.544777585375
2025-11-17 16:30:32.936941,Monitor,Electronics,West,4,27603.00291484082,110412.01165936328,14643.45915845563,95768.55250090765
2025-11-17 16:30:32.936941,Mouse,Peripherals,West,5,2474.9414501545007,12374.707250772502,1540.405517760904,10834.301733011598
2025-11-17 16:30:32.936941,Mobile Phone,Electronics,North,8,25357.175091867834,202857.40073494267,7159.783852903897,195697.61688203877
2025-11-17 16:30:32.936941,Mouse,Peripherals,Central,2,1951.8121653570142,3903.6243307140285,572.6615684368722,3330.9627622771563
2025-11-17 16:30:32.936941,Monitor,Electronics,East,8,36161.89207544266,289295.13660354126,21199.64683731964,268095.4897662216
2025-11-18 16:30:32.936941,USB Drive,Peripherals,West,7,711.5540164028032,4980.878114819622,341.1454037271722,4639.73271109245
2025-11-18 16:30:32.936941,Keyboard,Peripherals,Central,4,5677.157859322672,22708.63143729069,1844.4160306547258,20864.21540663596
2025-11-19 16:30:32.936941,Laptop,Electronics,North,1,83630.42357452918,83630.42357452918,7026.274637003351,76604.14893752582
2025-11-19 16:30:32.936941,USB Drive,Peripherals,East,5,550.0710550019221,2750.3552750096105,391.03916870167603,2359.3161063079347
2025-11-20 16:30:32.936941,Mobile Phone,Electronics,Central,4,44205.837126953316,176823.34850781327,10682.408401861881,166140.9401059514
2025-11-20 16:30:32.936941,Mouse,Peripherals,South,1,2173.993041442738,2173.993041442738,115.17410795738861,2058.8189334853496
2025-11-21 16:30:32.936941,Mouse,Peripherals,South,8,1658.3148477917332,13266.518782333866,1327.831893917742,11938.686888416123
2025-11-21 16:30:32.936941,USB Drive,Peripherals,East,2,520.9711877592678,1041.9423755185355,121.91677970806802,920.0255958104675
2025-11-21 16:30:32.936941,Keyboard,Peripherals,East,6,6012.7220454069875,36076.33227244193,5382.715745507797,30693.61652693413
2025-11-21 16:30:32.936941,Keyboard,Peripherals,Central,7,5366.254052569295,37563.77836798506,24.08891201196447,37539.6894559731
2025-11-22 16:30:32.936941,Webcam,Accessories,South,2,7652.879618397172,15305.759236794343,1000.8462540891189,14304.912982705224
2025-11-22 16:30:32.936941,Webcam,Accessories,West,3,5115.189071074239,15345.567213222717,309.5221304708109,15036.045082751907
2025-11-23 16:30:32.936941,Keyboard,Peripherals,North,8,6480.121830431676,51840.97464345341,7144.378462209147,44696.59618124426
2025-11-23 16:30:32.936941,Laptop,Electronics,North,4,99313.39629061389,397253.58516245557,16741.129656379217,380512.45550607634
2025-11-23 16:30:32.936941,USB Drive,Peripherals,North,7,1220.3108115821547,8542.175681075083,1182.250764271035,7359.924916804048
2025-11-23 16:30:32.936941,Mobile Phone,Electronics,South,5,33647.486628375234,168237.4331418762,11224.877019874815,157012.55612200138
2025-11-24 16:30:32.936941,USB Drive,Peripherals,West,4,518.1470325476784,2072.5881301907134,71.52686753721017,2001.0612626535033
2025-11-24 16:30:32.936941,Laptop,Electronics,West,2,49813.10267937679,99626.20535875358,9908.257710279693,89717.94764847388
2025-11-24 16:30:32.936941,Headphones,Accessories,South,4,7354.368855623515,29417.47542249406,2252.1826021850347,27165.292820309023
2025-11-24 16:30:32.936941,Monitor,Electronics,South,7,38553.02855019826,269871.1998513878,1593.2948989940396,268277.9049523938
2025-11-24 16:30:32.936941,Monitor,Electronics,North,1,28901.566064488852,28901.566064488852,288.60502995044976,28612.961034538403
2025-11-25 16:30:32.936941,Keyboard,Peripherals,East,6,7410.194604021446,44461.16762412868,4809.948612068239,39651.219012060435
2025-11-25 16:30:32.936941,Mobile Phone,Electronics,East,3,79468.56642458822,238405.69927376468,2449.8619337903447,235955.83733997433
2025-11-25 16:30:32.936941,Tablet,Electronics,North,1,35199.71922042401,35199.71922042401,3152.4623241552836,32047.25689626873
2025-11-26 16:30:32.936941,Mouse,Peripherals,East,4,1751.7639762347133,7007.055904938853,378.2842452868272,6628.771659652026
2025-11-26 16:30:32.936941,Headphones,Accessories,West,2,1406.4250631994673,2812.8501263989347,378.44139910051274,2434.408727298422
2025-11-26 16:30:32.936941,Mobile Phone,Electronics,North,4,78996.83615451044,315987.34461804177,2415.979301365367,313571.3653166764
2025-11-26 16:30:32.936941,Laptop,Electronics,South,9,63001.63114810222,567014.6803329199,51496.11962576356,515518.5607071564
2025-11-26 16:30:32.936941,USB Drive,Peripherals,North,5,796.3960772616192,3981.980386308096,383.65996280194787,3598.320423506148
2025-11-27 16:30:32.936941,Tablet,Electronics,Central,1,19537.277575159926,19537.277575159926,764.56880758014,18772.708767579785
2025-11-27 16:30:32.936941,Headphones,Accessories,Central,6,1479.9771085473008,8879.862651283805,1224.4865802500158,7655.37607103379
2025-11-27 16:30:32.936941,USB Drive,Peripherals,North,6,1746.9994754124696,10481.996852474818,587.6772228747898,9894.319629600028
2025-11-28 16:30:32.936941,Laptop,Electronics,East,3,97514.66089869184,292543.9826960755,2381.3827962741325,290162.59989980137
2025-11-28 16:30:32.936941,Mobile Phone,Electronics,West,3,64755.016279913376,194265.04883974014,6007.593541697832,188257.4552980423
2025-11-28 16:30:32.936941,Tablet,Electronics,West,6,20759.700681693714,124558.20409016228,10531.247301950054,114026.95678821224
2025-11-28 16:30:32.936941,Mobile Phone,Electronics,South,7,51535.69938970241,360749.89572791685,53899.65753368199,306850.23819423484
2025-11-29 16:30:32.936941,Mouse,Peripherals,North,5,867.1862824220673,4335.931412110336,98.1295293936985,4237.801882716638
2025-11-29 16:30:32.936941,Mobile Phone,Electronics,North,9,79819.2140534517,718372.9264810652,53285.57634057259,665087.3501404927
2025-11-29 16:30:32.936941,Keyboard,Peripherals,East,6,5140.0283665021825,30840.170199013097,2771.9010404766777,28068.26915853642
2025-11-29 16:30:32.936941,Monitor,Electronics,South,8,36221.37743023493,289771.0194418794,41353.46192849395,248417.55751338546
2025-11-29 16:30:32.936941,Mouse,Peripherals,South,5,1535.3378578489542,7676.68928924477,956.7876280612213,6719.901661183549
2025-11-30 16:30:32.936941,Tablet,Electronics,North,2,15496.660499816267,30993.320999632535,823.5469350088255,30169.77406462371
2025-11-30 16:30:32.936941,Speaker,Accessories,Central,8,8430.24021925893,67441.92175407145,2787.974353155363,64653.947400916084
2025-11-30 16:30:32.936941,Laptop,Electronics,Central,8,75464.24257886235,603713.9406308988,72564.5077637652,531149.4328671336
2025-11-30 16:30:32.936941,Tablet,Electronics,West,7,33697.66842883987,235883.67900187906,8133.338874469219,227750.34012740984
2025-11-30 16:30:32.936941,Keyboard,Peripherals,South,9,6247.835913298994,56230.52321969094,538.166121678806,55692.35709801214
2025-12-01 16:30:32.936941,Tablet,Electronics,West,5,20059.6298767769,100298.1493838845,12019.2635572487,88278.8858266358
2025-12-01 16:30:32.936941,Webcam,Accessories,West,6,7370.882953830367,44225.2977229822,5228.385549947566,38996.91217303463
2025-12-02 16:30:32.936941,Headphones,Accessories,North,7,8072.84463033795,56509.91241236565,6042.936565767792,50466.97584659786
2025-12-02 16:30:32.936941,Mobile Phone,Electronics,South,1,30660.09379034955,30660.09379034955,362.6578407598958,30297.435949589653
2025-12-03 16:30:32.936941,Mobile Phone,Electronics,Central,6,31085.899305281415,186515.39583168848,12401.147771840719,174114.24805984777
2025-12-03 16:30:32.936941,Mouse,Peripherals,East,4,2437.0243021056344,9748.097208422538,1293.810882176833,8454.286326245705
2025-12-03 16:30:32.936941,Mouse,Peripherals,East,9,2733.7050957995957,24603.345862196362,2484.0575324030006,22119.288329793362
2025-12-04 16:30:32.936941,Tablet,Electronics,South,5,49232.355809617795,246161.77904808897,31494.53696017492,214667.24208791406
2025-12-04 16:30:32.936941,Monitor,Electronics,North,1,12942.830987229443,12942.830987229443,295.6015695197376,12647.229417709705
2025-12-04 16:30:32.936941,Headphones,Accessories,Central,7,6772.422798821527,47406.95959175069,962.1318696178098,46444.827722132875
2025-12-04 16:30:32.936941,Webcam,Accessories,Central,8,4513.2239734762825,36105.79178781026,3555.6969485594495,32550.09483925081
2025-12-05 16:30:32.936941,Webcam,Accessories,East,6,5538.517127192634,33231.1027631558,3395.325146273268,29835.777616882537
2025-12-05 16:30:32.936941,Laptop,Electronics,East,6,90715.1077454309,544290.6464725854,49562.39807809081,494728.2483944946
2025-12-05 16:30:32.936941,Headphones,Accessories,Central,1,1350.9047783640551,1350.9047783640551,86.56508716728219,1264.339691196773
2025-12-05 16:30:32.936941,Webcam,Accessories,Central,4,6289.023187620255,25156.09275048102,500.68905390353285,24655.403696577487
2025-12-05 16:30:32.936941,Headphones,Accessories,West,7,5459.851115687811,38218.95780981468,841.909075192436,37377.04873462224
2025-12-06 16:30:32.936941,Monitor,Electronics,North,9,39093.09139648797,351837.82256839174,35138.33151939955,316699.4910489922
2025-12-06 16:30:32.936941,Headphones,Accessories,West,2,5410.816220929253,10821.632441858506,928.4829887719244,9893.149453086582
2025-12-07 16:30:32.936941,Mouse,Peripherals,North,5,2994.7446318855423,14973.723159427711,459.2784171228073,14514.444742304904
2025-12-07 16:30:32.936941,Headphones,Accessories,West,8,9067.28105872987,72538.24846983896,4034.9482454046133,68503.30022443435
2025-12-07 16:30:32.936941,Webcam,Accessories,North,8,5075.135835383857,40601.086683070855,3672.4186708855077,36928.66801218535
2025-12-08 16:30:32.936941,Speaker,Accessories,North,8,6681.818259170082,53454.54607336065,2211.1757151667357,51243.37035819392
2025-12-08 16:30:32.936941,Keyboard,Peripherals,East,2,4642.548918101782,9285.097836203564,813.4012834938474,8471.696552709716
2025-12-08 16:30:32.936941,Tablet,Electronics,West,1,28746.569709414238,28746.569709414238,3541.236010231944,25205.333699182294
2025-12-08 16:30:32.936941,Webcam,Accessories,West,7,5925.127133617609,41475.88993532326,846.3481974292795,40629.54173789398
2025-12-09 16:30:32.936941,Keyboard,Peripherals,Central,6,2259.8938009985113,13559.362805991068,1848.5644254315778,11710.79838055949
2025-12-09 16:30:32.936941,Tablet,Electronics,West,6,44245.60131125237,265473.60786751425,25743.049573760592,239730.55829375365
2025-12-09 16:30:32.936941,Mobile Phone,Electronics,North,8,56033.459363637754,448267.67490910203,5124.936302237836,443142.7386068642
2025-12-09 16:30:32.936941,Webcam,Accessories,North,5,3246.04789015464,16230.239450773199,1312.940993612448,14917.29845716075
2025-12-10 16:30:32.936941,Laptop,Electronics,East,6,64638.37792126744,387830.26752760465,13769.042541132636,374061.224986472
2025-12-10 16:30:32.936941,Headphones,Accessories,North,7,7227.120826752588,50589.84578726812,6750.682182443877,43839.16360482424
2025-12-11 16:30:32.936941,Laptop,Electronics,West,2,93919.38302526672,187838.76605053345,5974.494525529781,181864.27152500366
2025-12-11 16:30:32.936941,Speaker,Accessories,East,3,8397.073464871595,25191.220394614786,212.17476938839727,24979.045625226387
2025-12-11 16:30:32.936941,Speaker,Accessories,West,7,6220.121411719778,43540.84988203844,607.2660388009635,42933.58384323748
2025-12-11 16:30:32.936941,Mouse,Peripherals,West,3,789.283248922424,2367.8497467672723,215.54288932492517,2152.3068574423473
2025-12-11 16:30:32.936941,Mobile Phone,Electronics,Central,3,37695.889265672595,113087.66779701778,6009.029685517104,107078.63811150068
2025-12-12 16:30:32.936941,Speaker,Accessories,Central,6,3636.665598164831,21819.993588988986,820.2527888922511,20999.740800096733
2025-12-12 16:30:32.936941,Tablet,Electronics,East,6,28880.249645905205,173281.49787543123,17636.500195574732,155644.9976798565
2025-12-13 16:30:32.936941,Mobile Phone,Electronics,East,3,52627.411395792325,157882.23418737698,13465.353750970158,144416.88043640682
2025-12-13 16:30:32.936941,Mobile Phone,Electronics,Central,1,33519.72357972652,33519.72357972652,424.2870365100678,33095.43654321645
2025-12-13 16:30:32.936941,Headphones,Accessories,South,3,6421.262887066476,19263.788661199425,2219.6907378453475,17044.09792335408
2025-12-14 16:30:32.936941,Speaker,Accessories,East,2,4743.171976835687,9486.343953671374,1011.2491423076444,8475.09481136373
2025-12-14 16:30:32.936941,Mouse,Peripherals,Central,6,2009.5019200304723,12057.011520182834,1041.2951497273152,11015.716370455519
2025-12-14 16:30:32.936941,Mobile Phone,Electronics,East,7,59644.46232403064,417511.2362682145,37970.40107762485,379540.83519058966
2025-12-14 16:30:32.936941,Mouse,Peripherals,South,1,2266.402035807495,2266.402035807495,34.82625311731706,2231.5757826901777
2025-12-14 16:30:32.936941,Laptop,Electronics,South,3,55561.97212464901,166685.91637394702,1405.0356787438361,165280.88069520317
2025-12-15 16:30:32.936941,Mobile Phone,Electronics,West,3,55462.85329140129,166388.55987420387,20171.570827255255,146216.9890469486
2025-12-15 16:30:32.936941,Mobile Phone,Electronics,West,6,26289.550971349563,157737.3058280974,16387.77095796453,141349.53487013286
2025-12-15 16:30:32.936941,Webcam,Accessories,Central,4,7263.220064564029,29052.880258256115,1805.4930383808098,27247.387219875305
2025-12-16 16:30:32.936941,Laptop,Electronics,East,6,51645.67235737631,309874.03414425784,37888.82172228372,271985.2124219741
2025-12-16 16:30:32.936941,Tablet,Electronics,North,7,29752.86860317101,208270.08022219705,9232.921244486864,199037.15897771018
2025-12-17 16:30:32.936941,Laptop,Electronics,South,9,83693.332564451,753239.9930800591,17900.04973836061,735339.9433416985
2025-12-17 16:30:32.936941,Laptop,Electronics,South,6,99830.54104298278,598983.2462578967,20397.25065872854,578585.9955991681
2025-12-17 16:30:32.936941,USB Drive,Peripherals,East,2,1398.6072655028606,2797.2145310057213,134.19745382548822,2663.017077180233
2025-12-18 16:30:32.936941,Speaker,Accessories,Central,1,3462.4734515805103,3462.4734515805103,200.2999462081515,3262.1735053723587
2025-12-18 16:30:32.936941,Monitor,Electronics,South,3,25099.07812891714,75297.23438675141,9592.872419069014,65704.3619676824
2025-12-18 16:30:32.936941,Keyboard,Peripherals,South,9,6477.7265722007705,58299.53914980694,2004.3924721587332,56295.146677648205
2025-12-19 16:30:32.936941,Monitor,Electronics,North,5,32368.41715528732,161842.0857764366,10092.340550228331,151749.74522620827
2025-12-19 16:30:32.936941,Laptop,Electronics,East,2,92891.03543881778,185782.07087763556,26901.665031304965,158880.4058463306
2025-12-20 16:30:32.936941,Mouse,Peripherals,East,7,1910.9179322961884,13376.425526073319,1233.2643235757141,12143.161202497606
2025-12-20 16:30:32.936941,Speaker,Accessories,North,7,9834.248327782348,68839.73829447644,9132.873172526854,59706.86512194959
2025-12-20 16:30:32.936941,Monitor,Electronics,Central,9,34922.39664161668,314301.56977455015,21785.08749033861,292516.48228421155
2025-12-20 16:30:32.936941,Mobile Phone,Electronics,West,8,49939.649267119996,399517.19413695997,56459.169426511915,343058.02471044805
2025-12-21 16:30:32.936941,USB Drive,Peripherals,Central,3,1661.4501766702263,4984.350530010679,129.97640870851006,4854.3741213021685
2025-12-21 16:30:32.936941,Keyboard,Peripherals,North,6,2254.4137292293813,13526.482375376287,1974.751205563466,11551.731169812821
2025-12-22 16:30:32.936941,USB Drive,Peripherals,Central,6,1050.2151421332032,6301.2908527992195,762.8968065832242,5538.394046215995
2025-12-22 16:30:32.936941,Tablet,Electronics,East,7,49218.803087142405,344531.62160999683,22552.30997255718,321979.31163743965
2025-12-22 16:30:32.936941,Tablet,Electronics,East,5,32398.438528707924,161992.19264353963,15601.236750367103,146390.95589317253
2025-12-22 16:30:32.936941,Mobile Phone,Electronics,Central,5,68356.6933228492,341783.466614246,44485.285827814725,297298.1807864313
2025-12-23 16:30:32.936941,Mobile Phone,Electronics,South,9,60259.66892169896,542337.0202952906,61388.89936725286,480948.1209280378
2025-12-23 16:30:32.936941,Speaker,Accessories,North,7,10489.726803935871,73428.0876275511,9074.797757572249,64353.28986997885
2025-12-23 16:30:32.936941,Laptop,Electronics,North,9,99419.56567161193,894776.0910445073,39621.89337706435,855154.197667443
2025-12-23 16:30:32.936941,Headphones,Accessories,North,9,4667.737807707548,42009.640269367934,1921.0663435017796,40088.573925866156
2025-12-24 16:30:32.936941,USB Drive,Peripherals,East,4,1759.0909566798682,7036.363826719473,978.6832630641173,6057.680563655355
2025-12-24 16:30:32.936941,Mouse,Peripherals,South,8,2556.615867865749,20452.92694292599,839.5913852833322,19613.33555764266
2025-12-24 16:30:32.936941,Tablet,Electronics,North,5,36245.00003423593,181225.00017117965,3911.3712325765127,177313.62893860313
2025-12-25 16:30:32.936941,Speaker,Accessories,West,4,9011.607408089654,36046.42963235862,438.825174388365,35607.60445797025
2025-12-25 16:30:32.936941,Headphones,Accessories,East,5,6590.476866479555,32952.38433239777,2486.5647608471218,30465.819571550648
2025-12-26 16:30:32.936941,Headphones,Accessories,West,3,7293.473158018512,21880.419474055536,800.7034964683676,21079.71597758717
2025-12-26 16:30:32.936941,Keyboard,Peripherals,East,4,6475.479907104615,25901.91962841846,131.0511798641633,25770.868448554298
2025-12-26 16:30:32.936941,Mobile Phone,Electronics,Central,7,32284.38898082581,225990.72286578067,139.65607659667185,225851.066789184
2025-12-26 16:30:32.936941,Keyboard,Peripherals,North,4,2243.1173464078147,8972.469385631259,1265.7767004110854,7706.692685220173
2025-12-26 16:30:32.936941,Speaker,Accessories,North,9,7410.439592138045,66693.9563292424,4388.9113323585725,62305.04499688383
2025-12-27 16:30:32.936941,Tablet,Electronics,South,7,44970.370807964,314792.595655748,10898.67360338934,303893.9220523586
2025-12-27 16:30:32.936941,Speaker,Accessories,North,7,7669.912298904683,53689.38609233278,3356.9878641018618,50332.39822823092
2025-12-27 16:30:32.936941,Mouse,Peripherals,North,4,993.6308120650201,3974.5232482600804,393.25206960826296,3581.2711786518175
2025-12-28 16:30:32.936941,USB Drive,Peripherals,East,6,1195.8986806620262,7175.392083972158,478.7457475512994,6696.6463364208585
2025-12-28 16:30:32.936941,Monitor,Electronics,East,2,25448.160387619297,50896.32077523859,3577.2075153860083,47319.11325985259
2025-12-28 16:30:32.936941,Mobile Phone,Electronics,Central,6,54261.18505425822,325567.1103255493,39054.13155941388,286512.97876613546
2025-12-28 16:30:32.936941,USB Drive,Peripherals,North,8,1475.7185979172564,11805.748783338051,1102.9265611159617,10702.82222222209
2025-12-29 16:30:32.936941,Keyboard,Peripherals,South,3,3836.670270038779,11510.010810116337,1538.8186832004494,9971.192126915888
2025-12-29 16:30:32.936941,Monitor,Electronics,Central,5,11560.895408495351,57804.477042476756,2981.7905650995776,54822.68647737718
2025-12-30 16:30:32.936941,Monitor,Electronics,Central,7,19540.19258183201,136781.34807282407,1733.5005536131707,135047.8475192109
2025-12-30 16:30:32.936941,Headphones,Accessories,West,7,2181.6135469415185,15271.29482859063,93.01894067996784,15178.275887910662
2025-12-31 16:30:32.936941,Keyboard,Peripherals,Central,2,5771.885797845036,11543.771595690072,541.2532670398133,11002.518328650258
2025-12-31 16:30:32.936941,USB Drive,Peripherals,South,9,1499.144326636882,13492.298939731938,584.203174405697,12908.095765326241
2026-01-01 16:30:32.936941,Speaker,Accessories,South,5,13560.610214836795,67803.05107418398,5376.183480029107,62426.86759415487
2026-01-01 16:30:32.936941,Tablet,Electronics,North,1,42172.861162966954,42172.861162966954,3554.882104803425,38617.97905816353
2026-01-01 16:30:32.936941,Mouse,Peripherals,North,5,613.8137494993588,3069.068747496794,264.6864105706301,2804.382336926164
2026-01-02 16:30:32.936941,Headphones,Accessories,Central,9,1505.0033066776616,13545.029760098954,902.1775358274635,12642.85222427149
2026-01-02 16:30:32.936941,Keyboard,Peripherals,North,4,6455.560388065275,25822.2415522611,2874.289940461821,22947.95161179928
2026-01-02 16:30:32.936941,Keyboard,Peripherals,North,7,4128.445304655596,28899.117132589174,1368.0791561739804,27531.037976415195
2026-01-02 16:30:32.936941,Mouse,Peripherals,East,9,2494.5351661032937,22450.816494929644,3060.556806810211,19390.259688119433
2026-01-03 16:30:32.936941,Mobile Phone,Electronics,South,1,39286.97108254145,39286.97108254145,471.10604148504234,38815.86504105641
2026-01-03 16:30:32.936941,Speaker,Accessories,South,4,7085.836145538474,28343.344582153895,1492.8630069848716,26850.481575169022
2026-01-03 16:30:32.936941,Mouse,Peripherals,West,4,2594.5389770252823,10378.15590810113,1082.8999793690205,9295.25592873211
2026-01-03 16:30:32.936941,Laptop,Electronics,South,9,52496.06927605414,472464.6234844873,21969.60578658742,450495.0176978999
2026-01-03 16:30:32.936941,Monitor,Electronics,North,3,30200.68691151613,90602.0607345484,8102.65050522215,82499.41022932625
2026-01-04 16:30:32.936941,Laptop,Electronics,South,1,47494.234319452175,47494.234319452175,2252.495165247347,45241.73915420483
2026-01-04 16:30:32.936941,Speaker,Accessories,West,1,9360.89048253843,9360.89048253843,403.3292740865401,8957.56120845189
2026-01-05 16:30:32.936941,Keyboard,Peripherals,West,7,6535.967363259572,45751.771542817005,1752.7323473110575,43999.039195505946
2026-01-05 16:30:32.936941,Mobile Phone,Electronics,Central,6,77204.11677511923,463224.7006507154,43831.01922739153,419393.68142332387
2026-01-05 16:30:32.936941,Mobile Phone,Electronics,Central,5,72345.59257942511,361727.9628971255,18170.062719027672,343557.9001780978
2026-01-05 16:30:32.936941,Tablet,Electronics,West,4,25202.841230595357,100811.36492238143,8414.38670168484,92396.97822069659
2026-01-06 16:30:32.936941,Mobile Phone,Electronics,Central,7,48247.96489614848,337735.75427303935,42687.56779210782,295048.18648093153
2026-01-06 16:30:32.936941,Webcam,Accessories,North,9,4858.186966335028,43723.682697015254,4258.171140852353,39465.5115561629
2026-01-06 16:30:32.936941,Mouse,Peripherals,South,4,1243.5348237695875,4974.13929507835,407.07741880055477,4567.061876277796
2026-01-07 16:30:32.936941,Headphones,Accessories,East,9,8841.588721611995,79574.29849450797,11147.153325938396,68427.14516856956
2026-01-07 16:30:32.936941,Monitor,Electronics,East,9,14045.797140114151,126412.17426102736,6634.964975321447,119777.20928570592
2026-01-08 16:30:32.936941,Mouse,Peripherals,East,6,2364.525610190387,14187.153661142322,599.5298339462369,13587.623827196085
2026-01-08 16:30:32.936941,Keyboard,Peripherals,West,4,3332.031230376684,13328.124921506736,1979.975304177697,11348.14961732904
2026-01-09 16:30:32.936941,Monitor,Electronics,South,2,32813.69318079599,65627.38636159198,9393.156558349592,56234.22980324239
2026-01-09 16:30:32.936941,Mobile Phone,Electronics,South,4,28133.007237589358,112532.02895035743,7276.634132427324,105255.39481793011
2026-01-10 16:30:32.936941,Tablet,Electronics,Central,9,26748.99045179705,240740.91406617346,8699.528127257285,232041.38593891618
2026-01-10 16:30:32.936941,Mobile Phone,Electronics,South,9,59584.66569616763,536261.9912655087,20120.600091596272,516141.39117391245
2026-01-10 16:30:32.936941,Mobile Phone,Electronics,South,9,45809.04517842544,412281.40660582896,926.3807037349943,411355.02590209397
2026-01-10 16:30:32.936941,USB Drive,Peripherals,West,4,1919.764311769798,7679.057247079192,337.6857523393219,7341.37149473987
2026-01-11 16:30:32.936941,Keyboard,Peripherals,West,9,4799.036639101385,43191.32975191246,2152.474699373587,41038.85505253887
2026-01-11 16:30:32.936941,Mobile Phone,Electronics,Central,4,76532.0396885928,306128.1587543712,13037.307545330154,293090.8512090411
2026-01-12 16:30:32.936941,Keyboard,Peripherals,South,9,3836.642436876882,34529.781931891936,3898.205153600176,30631.57677829176
2026-01-12 16:30:32.936941,USB Drive,Peripherals,East,5,1753.8816292807358,8769.408146403679,114.44967810691475,8654.958468296763
2026-01-13 16:30:32.936941,USB Drive,Peripherals,East,8,1955.8679827965184,15646.943862372147,2279.380522607256,13367.56333976489
2026-01-13 16:30:32.936941,Mobile Phone,Electronics,North,7,57608.217814728385,403257.5247030987,54437.74066330112,348819.78403979755
2026-01-13 16:30:32.936941,Tablet,Electronics,East,6,43193.44018417617,259160.64110505703,19159.266966301875,240001.37413875514
2026-01-13 16:30:32.936941,Webcam,Accessories,North,2,6635.011794108239,13270.023588216478,957.7195505744866,12312.304037641992
2026-01-14 16:30:32.936941,Headphones,Accessories,East,4,9523.794922774256,38095.17969109702,411.04594971442987,37684.13374138259
2026-01-14 16:30:32.936941,Tablet,Electronics,North,1,25661.413512982755,25661.413512982755,3455.8239808339954,22205.58953214876
2026-01-14 16:30:32.936941,Headphones,Accessories,East,6,3781.241313583883,22687.447881503296,693.226171912386,21994.22170959091
2026-01-14 16:30:32.936941,Mouse,Peripherals,Central,6,1348.9768534895659,8093.861120937396,24.26822721097588,8069.59289372642
2026-01-14 16:30:32.936941,Laptop,Electronics,East,6,72274.88201186433,433649.292071186,28497.3080325206,405151.9840386654
2026-01-15 16:30:32.936941,Monitor,Electronics,South,4,20554.537462604232,82218.14985041693,895.4894939266576,81322.66035649028
2026-01-15 16:30:32.936941,Laptop,Electronics,West,4,86532.90704765734,346131.62819062936,43438.083795432234,302693.5443951971
2026-01-15 16:30:32.936941,USB Drive,Peripherals,Central,8,674.7860712361313,5398.28856988905,489.34255204347636,4908.946017845574
2026-01-16 16:30:32.936941,Speaker,Accessories,South,2,8781.296555678473,17562.593111356946,1410.0286037138935,16152.564507643052
2026-01-16 16:30:32.936941,Mobile Phone,Electronics,West,9,20800.28269007076,187202.5442106368,20101.235730946202,167101.3084796906
2026-01-16 16:30:32.936941,Mobile Phone,Electronics,South,2,69949.54220336865,139899.0844067373,13593.38522765497,126305.69917908232
2026-01-16 16:30:32.936941,Mobile Phone,Electronics,North,4,70610.33232756701,282441.32931026805,21543.387264431298,260897.94204583674
2026-01-17 16:30:32.936941,Laptop,Electronics,South,9,82952.46501590252,746572.1851431227,1870.8455315429414,744701.3396115798
2026-01-17 16:30:32.936941,Tablet,Electronics,South,1,17283.14314436204,17283.14314436204,2245.3565515946366,15037.786592767403
2026-01-18 16:30:32.936941,Mouse,Peripherals,East,1,623.1968750727242,623.1968750727242,14.401530783613874,608.7953442891103
2026-01-18 16:30:32.936941,Mobile Phone,Electronics,Central,9,38382.97362954226,345446.7626658804,29105.273692997216,316341.48897288315
2026-01-18 16:30:32.936941,Webcam,Accessories,East,3,3279.4091926731853,9838.227578019556,133.5833034545198,9704.644274565037
2026-01-19 16:30:32.936941,Mobile Phone,Electronics,North,1,30351.90204122652,30351.90204122652,4480.744958461295,25871.157082765225
2026-01-19 16:30:32.936941,Mobile Phone,Electronics,South,4,38130.20920150045,152520.8368060018,14814.020668593797,137706.81613740802
2026-01-19 16:30:32.936941,USB Drive,Peripherals,South,3,759.2821091281792,2277.8463273845373,265.6059345391872,2012.24039284535
2026-01-19 16:30:32.936941,Mobile Phone,Electronics,East,9,49935.445901557236,449419.0131140151,36265.393012300505,413153.6201017146
2026-01-20 16:30:32.936941,Mobile Phone,Electronics,North,7,30356.193754467782,212493.35628127446,4526.81112318468,207966.54515808978
2026-01-20 16:30:32.936941,USB Drive,Peripherals,North,3,539.1249300270828,1617.3747900812482,50.34810137982209,1567.026688701426
2026-01-20 16:30:32.936941,Tablet,Electronics,Central,2,36378.65051330397,72757.30102660794,3679.9299923409717,69077.37103426697
2026-01-20 16:30:32.936941,Mouse,Peripherals,West,9,1528.3519760375543,13755.16778433799,1647.1396649033238,12108.028119434666
2026-01-20 16:30:32.936941,USB Drive,Peripherals,North,4,1419.347655472277,5677.390621889108,142.3249682207021,5535.0656536684055
2026-01-21 16:30:32.936941,Mouse,Peripherals,West,6,1827.140793499335,10962.84476099601,1489.3237868749961,9473.520974121013
2026-01-21 16:30:32.936941,Tablet,Electronics,East,7,23688.48862633886,165819.42038437203,19708.10396674445,146111.3164176276
2026-01-22 16:30:32.936941,Headphones,Accessories,South,7,7193.5572882401475,50354.90101768103,5651.26290435831,44703.638113322726
2026-01-22 16:30:32.936941,Monitor,Electronics,East,8,11880.869166591523,95046.95333273218,6493.800403408235,88553.15292932394
2026-01-22 16:30:32.936941,USB Drive,Peripherals,South,9,1793.9049275029145,16145.14434752623,1121.0567173310767,15024.087630195152
2026-01-23 16:30:32.936941,Laptop,Electronics,Central,8,78775.80262244365,630206.4209795492,49173.059870662386,581033.3611088868
2026-01-23 16:30:32.936941,Webcam,Accessories,Central,6,4590.973975791418,27545.843854748506,3607.489359019941,23938.354495728563
2026-01-24 16:30:32.936941,Headphones,Accessories,East,8,9562.725229215437,76501.8018337235,6564.99439060553,69936.80744311797
2026-01-24 16:30:32.936941,USB Drive,Peripherals,West,6,834.4200574002816,5006.52034440169,159.72706940075628,4846.793275000933
2026-01-25 16:30:32.936941,Speaker,Accessories,West,6,9752.855898676316,58517.1353920579,5138.8135406781985,53378.321851379704
2026-01-25 16:30:32.936941,Laptop,Electronics,North,4,58645.39649221346,234581.58596885385,30606.704327775933,203974.88164107793
2026-01-26 16:30:32.936941,Monitor,Electronics,West,2,10969.057387460454,21938.11477492091,2170.2936692850158,19767.821105635892
2026-01-26 16:30:32.936941,Tablet,Electronics,West,2,23647.25542763756,47294.51085527512,6963.916416670819,40330.5944386043
2026-01-27 16:30:32.936941,Headphones,Accessories,Central,2,1405.8277472024024,2811.655494404805,395.2054477305927,2416.450046674212
2026-01-27 16:30:32.936941,Headphones,Accessories,Central,4,7621.451623944439,30485.806495777757,4069.5296573737783,26416.276838403977
2026-01-28 16:30:32.936941,Laptop,Electronics,West,5,64859.1190151408,324295.595075704,17836.613065726713,306458.9820099773
2026-01-28 16:30:32.936941,Keyboard,Peripherals,West,3,2414.0063197348454,7242.018959204536,215.66228095758242,7026.356678246953
2026-01-28 16:30:32.936941,Speaker,Accessories,West,8,8631.364228496359,69050.91382797087,6438.263402300017,62612.65042567086
2026-01-29 16:30:32.936941,Keyboard,Peripherals,Central,5,2957.2125798246684,14786.062899123343,1969.9680423081572,12816.094856815185
2026-01-29 16:30:32.936941,Speaker,Accessories,East,6,5129.679110627927,30778.074663767562,436.35077361537776,30341.723890152185
2026-01-30 16:30:32.936941,Mouse,Peripherals,East,1,2018.7045436225278,2018.7045436225278,52.749206560667275,1965.9553370618605
2026-01-30 16:30:32.936941,Tablet,Electronics,North,6,49297.90835003561,295787.45010021364,8162.779602239843,287624.6704979738
2026-01-30 16:30:32.936941,Keyboard,Peripherals,Central,2,2704.0489702868517,5408.097940573703,468.84736777218905,4939.250572801515
2026-01-30 16:30:32.936941,Headphones,Accessories,North,4,9786.169296429176,39144.677185716704,4918.1347021363945,34226.54248358031
2026-01-30 16:30:32.936941,Monitor,Electronics,North,2,37459.802107962794,74919.60421592559,522.1313227129067,74397.47289321269
2026-01-31 16:30:32.936941,USB Drive,Peripherals,Central,3,1511.3787189272766,4534.136156781829,551.0988775312038,3983.0372792506255
2026-01-31 16:30:32.936941,Keyboard,Peripherals,Central,8,1556.4278599710062,12451.42287976805,1115.5684226723895,11335.85445709566
2026-01-31 16:30:32.936941,Headphones,Accessories,South,1,8625.384855144675,8625.384855144675,283.07057018472426,8342.314284959952
2026-01-31 16:30:32.936941,Mobile Phone,Electronics,South,7,49366.710873874865,345566.9761171241,43562.51800077871,302004.45811634534
2026-01-31 16:30:32.936941,Headphones,Accessories,East,9,7407.861813812943,66670.75632431649,8327.673743058316,58343.082581258175
2026-02-01 16:30:32.936941,Speaker,Accessories,North,9,12707.743731885355,114369.6935869682,7311.73638180483,107057.95720516337
2026-02-01 16:30:32.936941,Headphones,Accessories,Central,7,4118.49793915163,28829.485574061408,3253.0813558875775,25576.40421817383
2026-02-01 16:30:32.936941,Mouse,Peripherals,East,8,1665.4895130926052,13323.916104740842,1445.5301927514843,11878.385911989357
2026-02-01 16:30:32.936941,Tablet,Electronics,South,9,31076.672346390507,279690.05111751455,40920.64897484871,238769.40214266584
2026-02-01 16:30:32.936941,Headphones,Accessories,Central,3,5925.958681088345,17777.876043265034,779.6846102051727,16998.191433059863
2026-02-02 16:30:32.936941,Keyboard,Peripherals,East,6,2171.2950759573523,13027.770455744114,382.44938056598875,12645.321075178124
2026-02-02 16:30:32.936941,Webcam,Accessories,North,2,6158.178013390216,12316.356026780431,931.2301020184314,11385.125924762
2026-02-02 16:30:32.936941,Keyboard,Peripherals,Central,2,7906.23509437825,15812.4701887565,2333.750303592544,13478.719885163957
2026-02-03 16:30:32.936941,Webcam,Accessories,South,1,6242.29582953793,6242.29582953793,392.20958941582415,5850.086240122107
2026-02-03 16:30:32.936941,Webcam,Accessories,South,1,5590.273659196979,5590.273659196979,360.3838404544967,5229.889818742482
2026-02-03 16:30:32.936941,USB Drive,Peripherals,Central,2,1577.567427164265,3155.13485432853,306.1028729445961,2849.0319813839337
2026-02-04 16:30:32.936941,Monitor,Electronics,South,2,33861.34933991079,67722.69867982158,6715.556515930491,61007.14216389109
2026-02-04 16:30:32.936941,USB Drive,Peripherals,North,1,605.0411577497912,605.0411577497912,75.11229416920463,529.9288635805865
2026-02-04 16:30:32.936941,Mobile Phone,Electronics,North,6,67600.23331567735,405601.3998940641,6756.739273702184,398844.6606203619
2026-02-04 16:30:32.936941,Headphones,Accessories,Central,4,4496.75895463318,17987.03581853272,2439.6094947498127,15547.426323782907
2026-02-04 16:30:32.936941,Headphones,Accessories,North,7,2042.6683447123082,14298.678412986157,1005.1428974037435,13293.535515582415
2026-02-05 16:30:32.936941,Speaker,Accessories,West,5,3891.625393389174,19458.12696694587,1911.0678619309704,17547.0591050149
2026-02-05 16:30:32.936941,Laptop,Electronics,East,3,91784.43991543441,275353.31974630326,4203.232487556809,271150.08725874644
2026-02-05 16:30:32.936941,Webcam,Accessories,South,9,5311.005166023599,47799.04649421239,6670.116619718025,41128.929874494366
2026-02-06 16:30:32.936941,Tablet,Electronics,East,5,28664.0046125011,143320.0230625055,20276.665137392214,123043.35792511329
2026-02-06 16:30:32.936941,Tablet,Electronics,East,7,42218.03368412769,295526.2357888938,21109.1492688217,274417.08652007213
2026-02-06 16:30:32.936941,Laptop,Electronics,North,6,52595.64563676958,315573.87382061745,2.277996562693787,315571.59582405473
2026-02-06 16:30:32.936941,Tablet,Electronics,Central,4,47357.58504467517,189430.3401787007,17918.908449943505,171511.4317287572
2026-02-07 16:30:32.936941,Tablet,Electronics,North,8,38080.34963906363,304642.797112509,6509.118359817909,298133.67875269114
2026-02-07 16:30:32.936941,Speaker,Accessories,East,8,14387.538967503177,115100.31174002541,3299.4615900127937,111800.85015001261
2026-02-07 16:30:32.936941,Mobile Phone,Electronics,East,7,54005.174906768145,378036.224347377,43620.222694722426,334416.0016526546
2026-02-08 16:30:32.936941,Mouse,Peripherals,Central,4,1636.3585063188518,6545.434025275407,819.8280528097467,5725.605972465661
2026-02-08 16:30:32.936941,Mobile Phone,Electronics,East,5,58678.520396380954,293392.60198190477,24884.5072286642,268508.0947532406
2026-02-08 16:30:32.936941,Monitor,Electronics,East,1,24579.654836977177,24579.654836977177,2939.116303269259,21640.538533707917
2026-02-08 16:30:32.936941,Tablet,Electronics,South,9,44656.050941681475,401904.4584751333,4295.2778140369655,397609.1806610963
2026-02-09 16:30:32.936941,Mouse,Peripherals,West,3,2727.16239258944,8181.48717776832,574.8680327767006,7606.61914499162
2026-02-09 16:30:32.936941,Keyboard,Peripherals,South,7,5315.405639544131,37207.83947680892,4008.6351028546546,33199.204373954264
2026-02-10 16:30:32.936941,Speaker,Accessories,Central,5,13320.755033271249,66603.77516635624,4141.064995704857,62462.71017065138
2026-02-10 16:30:32.936941,Keyboard,Peripherals,South,3,3778.170847029433,11334.5125410883,805.3138691919178,10529.198671896382
2026-02-10 16:30:32.936941,Webcam,Accessories,South,7,3410.366030060248,23872.562210421733,2000.9806733995263,21871.581537022208
2026-02-10 16:30:32.936941,Mouse,Peripherals,East,7,2022.1331255555058,14154.931878888541,1949.6447637432616,12205.28711514528
2026-02-11 16:30:32.936941,Monitor,Electronics,South,1,33194.980475717704,33194.980475717704,931.8023978527491,32263.178077864955
2026-02-11 16:30:32.936941,Tablet,Electronics,North,4,19617.277294821397,78469.10917928559,120.77606372461486,78348.33311556098
2026-02-11 16:30:32.936941,Webcam,Accessories,West,3,5703.5977228018555,17110.793168405566,1663.5287379725842,15447.26443043298
2026-02-12 16:30:32.936941,Webcam,Accessories,North,5,3038.8913671177643,15194.456835588822,266.13021212083726,14928.326623467985
2026-02-12 16:30:32.936941,Tablet,Electronics,Central,6,22961.647632620196,137769.88579572117,16103.095009287686,121666.79078643348
2026-02-13 16:30:32.936941,Keyboard,Peripherals,Central,2,4610.86996087373,9221.73992174746,563.4627211893329,8658.277200558126
2026-02-13 16:30:32.936941,Headphones,Accessories,Central,2,4505.927625090442,9011.855250180884,1174.3700760639842,7837.4851741169
2026-02-13 16:30:32.936941,Mobile Phone,Electronics,West,3,27558.00657828118,82674.01973484355,3900.300287255676,78773.71944758786
2026-02-13 16:30:32.936941,Tablet,Electronics,East,4,48045.28182314861,192181.12729259444,18197.027132189138,173984.1001604053
2026-02-13 16:30:32.936941,Mobile Phone,Electronics,South,6,71798.2571861236,430789.54311674164,41080.48010576403,389709.0630109776
2026-02-14 16:30:32.936941,Keyboard,Peripherals,East,1,7495.587178311308,7495.587178311308,923.241359692953,6572.345818618355
2026-02-14 16:30:32.936941,Tablet,Electronics,North,1,36508.15378861975,36508.15378861975,4650.20639346297,31857.947395156778
2026-02-14 16:30:32.936941,Keyboard,Peripherals,West,6,7211.023862082366,43266.143172494194,4645.650109415868,38620.49306307833
2026-02-14 16:30:32.936941,Laptop,Electronics,East,9,58966.538890128475,530698.8500111563,64739.02009894063,465959.82991221565
2026-02-14 16:30:32.936941,Headphones,Accessories,South,4,2031.9688552776431,8127.8754211105725,866.6631726298515,7261.2122484807205
2026-02-15 16:30:32.936941,Mobile Phone,Electronics,East,1,36877.68773169469,36877.68773169469,3585.504501566737,33292.18323012796
2026-02-15 16:30:32.936941,Monitor,Electronics,North,5,10169.158705011627,50845.793525058136,537.6492134876917,50308.144311570446
2026-02-15 16:30:32.936941,Laptop,Electronics,North,1,51717.22906096058,51717.22906096058,3206.001536888094,48511.227524072485
2026-02-16 16:30:32.936941,Mouse,Peripherals,West,6,2116.3865922861287,12698.319553716772,1445.1720041511358,11253.147549565636
2026-02-16 16:30:32.936941,Mouse,Peripherals,South,9,2771.7973200372758,24946.175880335482,1424.4058169319408,23521.770063403543
2026-02-17 16:30:32.936941,Mouse,Peripherals,West,3,2283.547652251679,6850.642956755038,318.5809274925823,6532.062029262455
2026-02-17 16:30:32.936941,Mouse,Peripherals,East,1,653.5075482383902,653.5075482383902,44.90271887564806,608.6048293627422
2026-02-18 16:30:32.936941,Speaker,Accessories,West,9,12369.079690898941,111321.71721809047,8210.154084556774,103111.5631335337
2026-02-18 16:30:32.936941,Mobile Phone,Electronics,West,3,44699.66631019919,134098.99893059756,6057.899553639705,128041.09937695786
2026-02-18 16:30:32.936941,Webcam,Accessories,South,5,2888.847306334254,14444.23653167127,2152.6931790373646,12291.543352633904
2026-02-18 16:30:32.936941,Tablet,Electronics,West,9,30155.63414117622,271400.707270586,38435.57542907422,232965.13184151176
2026-02-18 16:30:32.936941,Mobile Phone,Electronics,North,3,39069.85678507469,117209.57035522407,9952.611577968679,107256.9587772554
2026-02-19 16:30:32.936941,Monitor,Electronics,North,5,15261.710049208377,76308.55024604188,4399.008239372274,71909.54200666961
2026-02-19 16:30:32.936941,Keyboard,Peripherals,East,3,2386.10727942063,7158.321838261891,16.77600451270694,7141.545833749184
2026-02-20 16:30:32.936941,Mobile Phone,Electronics,North,8,59814.65740452278,478517.25923618226,34670.54322793725,443846.716008245
2026-02-20 16:30:32.936941,Keyboard,Peripherals,South,6,6146.504038866108,36879.02423319665,1484.1291231602258,35394.89511003643
2026-02-21 16:30:32.936941,Mouse,Peripherals,South,3,1076.994137236641,3230.9824117099233,370.0092026868728,2860.9732090230505
2026-02-21 16:30:32.936941,Mobile Phone,Electronics,Central,7,34852.65722108276,243968.6005475793,13351.46446988929,230617.13607769
2026-02-21 16:30:32.936941,Mobile Phone,Electronics,East,1,48781.205277229164,48781.205277229164,2943.516151847053,45837.68912538211
2026-02-21 16:30:32.936941,Webcam,Accessories,Central,3,7947.824356466666,23843.4730694,1902.1550883251077,21941.31798107489
2026-02-22 16:30:32.936941,USB Drive,Peripherals,North,8,964.4889625599099,7715.911700479279,324.2821779672292,7391.629522512049
2026-02-22 16:30:32.936941,Mouse,Peripherals,South,5,551.1961528109983,2755.9807640549916,338.31305914295535,2417.6677049120362
2026-02-22 16:30:32.936941,Webcam,Accessories,West,6,5619.904681336639,33719.428088019835,3514.368811324257,30205.059276695578
2026-02-22 16:30:32.936941,Tablet,Electronics,North,7,26262.891800566307,183840.24260396414,21423.103274249836,162417.1393297143
2026-02-23 16:30:32.936941,Mobile Phone,Electronics,East,1,39653.10589044572,39653.10589044572,235.5131102012367,39417.59278024448
2026-02-23 16:30:32.936941,Headphones,Accessories,South,8,6218.5081030332685,49748.06482426615,7451.20380744959,42296.86101681656
2026-02-23 16:30:32.936941,Mouse,Peripherals,Central,2,1493.0820993191483,2986.1641986382965,281.89469833757005,2704.2695003007266
2026-02-23 16:30:32.936941,Speaker,Accessories,East,4,10973.37664331005,43893.5065732402,5644.713580858326,38248.792992381874
2026-02-24 16:30:32.936941,Monitor,Electronics,East,8,32378.945424347785,259031.56339478228,8204.583999244307,250826.979395538
2026-02-24 16:30:32.936941,Headphones,Accessories,North,9,6396.728336769829,57570.55503092846,3022.2471526402937,54548.307878288164
2026-02-24 16:30:32.936941,Laptop,Electronics,West,3,44758.14848520318,134274.44545560953,4344.922808102727,129929.5226475068
2026-02-24 16:30:32.936941,Webcam,Accessories,Central,2,6594.480560205855,13188.96112041171,535.8821076235392,12653.07901278817
2026-02-25 16:30:32.936941,USB Drive,Peripherals,South,1,1181.755401473903,1181.755401473903,83.84266815759469,1097.9127333163083
2026-02-25 16:30:32.936941,Laptop,Electronics,East,1,86448.61718449382,86448.61718449382,8724.398053558647,77724.21913093518
2026-02-25 16:30:32.936941,Laptop,Electronics,West,5,99814.65335786637,499073.2667893318,68327.61884513123,430745.64794420055
2026-02-26 16:30:32.936941,Mobile Phone,Electronics,East,8,34707.14343034061,277657.1474427249,34421.87601900385,243235.27142372105
2026-02-26 16:30:32.936941,Webcam,Accessories,West,6,5899.664203289731,35397.98521973839,2743.620422235985,32654.364797502403
2026-02-26 16:30:32.936941,Headphones,Accessories,North,7,1890.4853984547108,13233.397789182975,790.6493141835376,12442.748474999436
2026-02-26 16:30:32.936941,Laptop,Electronics,South,3,96913.54002794562,290740.62008383684,3290.4541539964316,287450.1659298404
2026-02-27 16:30:32.936941,Tablet,Electronics,East,2,38878.59708672964,77757.19417345928,270.4480931315029,77486.74608032778
2026-02-27 16:30:32.936941,Mobile Phone,Electronics,West,6,38834.15319003243,233004.9191401946,14784.754619690577,218220.164520504
2026-02-28 16:30:32.936941,Mobile Phone,Electronics,East,8,39453.43331355321,315627.46650842566,29391.349072395293,286236.11743603036
2026-02-28 16:30:32.936941,Mouse,Peripherals,West,4,1226.6553033706587,4906.621213482635,120.35417461754851,4786.267038865086
2026-02-28 16:30:32.936941,USB Drive,Peripherals,East,7,1346.0850100156822,9422.595070109775,417.5476732862791,9005.047396823496
2026-02-28 16:30:32.936941,Mobile Phone,Electronics,Central,9,76496.32021435967,688466.881929237,9646.214311454152,678820.667617783
2026-02-28 16:30:32.936941,Mouse,Peripherals,South,9,1094.4710527789282,9850.239475010354,231.75690575406915,9618.482569256284
2026-03-01 16:30:32.936941,Keyboard,Peripherals,West,9,6741.648452899578,60674.8360760962,821.306573514219,59853.52950258198
2026-03-01 16:30:32.936941,Keyboard,Peripherals,South,2,6463.716120431602,12927.432240863203,1181.7258688648053,11745.706371998398
2026-03-01 16:30:32.936941,USB Drive,Peripherals,North,2,1272.219935272958,2544.439870545916,297.3349243011921,2247.104946244724
2026-03-02 16:30:32.936941,Monitor,Electronics,West,2,36600.7207995036,73201.4415990072,6005.325458662422,67196.11614034478
2026-03-02 16:30:32.936941,USB Drive,Peripherals,East,5,1850.6856091219736,9253.428045609868,565.1119316323936,8688.316113977475
2026-03-02 16:30:32.936941,Headphones,Accessories,East,2,4133.416961296776,8266.833922593552,762.5464364191804,7504.287486174372
2026-03-02 16:30:32.936941,Webcam,Accessories,North,4,4511.3058510006595,18045.223404002638,1078.9264934970029,16966.296910505636
2026-03-03 16:30:32.936941,Tablet,Electronics,North,3,19170.18677154079,57510.56031462237,5468.252223812163,52042.30809081021
2026-03-03 16:30:32.936941,Mobile Phone,Electronics,East,1,40313.78053758482,40313.78053758482,1510.6977278322006,38803.08280975262
2026-03-03 16:30:32.936941,Speaker,Accessories,West,3,12637.364413460838,37912.09324038251,3864.761013160959,34047.33222722155
2026-03-03 16:30:32.936941,Webcam,Accessories,South,9,6378.412999510371,57405.71699559334,7062.143739068958,50343.57325652438
2026-03-04 16:30:32.936941,Speaker,Accessories,North,3,2398.263998679862,7194.791996039587,908.0276808035014,6286.764315236085
2026-03-04 16:30:32.936941,Mouse,Peripherals,Central,4,960.4713138084285,3841.885255233714,54.54769025664081,3787.3375649770733
2026-03-04 16:30:32.936941,Mouse,Peripherals,Central,6,2004.2562253644826,12025.537352186895,1396.1505832352525,10629.386768951643
2026-03-05 16:30:32.936941,USB Drive,Peripherals,Central,6,1493.7858655755558,8962.715193453336,300.2028503996979,8662.512343053639
2026-03-05 16:30:32.936941,Headphones,Accessories,West,9,3792.640773580966,34133.76696222869,1517.492678231857,32616.274283996834
2026-03-05 16:30:32.936941,Monitor,Electronics,North,9,25368.06252353356,228312.56271180205,23585.457744136478,204727.10496766557
2026-03-05 16:30:32.936941,Mouse,Peripherals,North,3,1869.2143075728602,5607.642922718581,122.08373606241287,5485.559186656168
2026-03-06 16:30:32.936941,Speaker,Accessories,Central,8,14073.424627689788,112587.3970215183,152.53014507730705,112434.866876441
2026-03-06 16:30:32.936941,Speaker,Accessories,Central,5,2064.223965064444,10321.119825322221,992.8693512608592,9328.250474061362
2026-03-07 16:30:32.936941,Webcam,Accessories,South,9,6511.338749851865,58602.048748666784,1345.9149903327432,57256.13375833404
2026-03-07 16:30:32.936941,Mobile Phone,Electronics,West,4,72112.65004949376,288450.60019797506,29488.148999346366,258962.4511986287
2026-03-07 16:30:32.936941,Tablet,Electronics,South,8,39873.00819733998,318984.06557871983,4389.733551353412,314594.33202736644
2026-03-07 16:30:32.936941,Headphones,Accessories,South,4,1435.2621903573563,5741.048761429425,608.6667547758733,5132.382006653552
2026-03-07 16:30:32.936941,Tablet,Electronics,North,2,32673.17169765296,65346.34339530592,7656.282319747249,57690.061075558675
2026-03-08 16:30:32.936941,Mouse,Peripherals,North,6,1350.7161677459924,8104.297006475954,973.3562147033897,7130.940791772564
2026-03-08 16:30:32.936941,Mouse,Peripherals,South,3,634.8686920902805,1904.6060762708416,87.02875660324032,1817.5773196676014
2026-03-09 16:30:32.936941,Tablet,Electronics,Central,7,31089.1602256451,217624.1215795157,15656.768427757735,201967.35315175797
2026-03-09 16:30:32.936941,Monitor,Electronics,East,2,16538.64563980353,33077.29127960706,262.16254787186,32815.128731735196
2026-03-09 16:30:32.936941,Mobile Phone,Electronics,North,1,76073.93448242833,76073.93448242833,2941.823743584069,73132.11073884426
2026-03-09 16:30:32.936941,Mouse,Peripherals,Central,8,831.3602628126894,6650.882102501515,189.58314143422177,6461.298961067293
2026-03-10 16:30:32.936941,Mouse,Peripherals,Central,5,2105.893376965476,10529.46688482738,1473.860402958511,9055.606481868868
2026-03-10 16:30:32.936941,Keyboard,Peripherals,East,4,4168.4392406536535,16673.756962614614,447.08637628158425,16226.67058633303
2026-03-10 16:30:32.936941,Speaker,Accessories,West,5,13490.001896584203,67450.00948292101,2951.113387560803,64498.89609536021
2026-03-10 16:30:32.936941,Laptop,Electronics,Central,4,48945.54524621881,195782.18098487525,28018.42252466266,167763.7584602126
2026-03-11 16:30:32.936941,Webcam,Accessories,Central,2,5834.932073901739,11669.864147803479,1702.3223322366584,9967.54181556682
2026-03-11 16:30:32.936941,Mouse,Peripherals,North,7,2002.3932766800106,14016.752936760075,42.03488148728246,13974.718055272791
2026-03-12 16:30:32.936941,Mouse,Peripherals,South,3,1302.8050826453477,3908.415247936043,579.2590679960329,3329.1561799400106
2026-03-12 16:30:32.936941,Tablet,Electronics,Central,1,25667.614988575297,25667.614988575297,257.09763090928675,25410.51735766601
2026-03-12 16:30:32.936941,Webcam,Accessories,Central,8,5785.946925281854,46287.575402254835,2903.6389370545135,43383.93646520032
2026-03-12 16:30:32.936941,Mobile Phone,Electronics,North,1,27692.989292743296,27692.989292743296,1827.3019679435413,25865.687324799754
2026-03-12 16:30:32.936941,Webcam,Accessories,North,8,5364.186904785596,42913.49523828477,2822.643184471948,40090.85205381282
2026-03-13 16:30:32.936941,Monitor,Electronics,Central,3,34803.93219290638,104411.79657871914,12664.173403599261,91747.62317511988
2026-03-13 16:30:32.936941,Keyboard,Peripherals,West,7,6972.994576831132,48810.962037817924,6497.831317476246,42313.13072034168
2026-03-14 16:30:32.936941,Monitor,Electronics,West,6,37647.76930039954,225886.61580239722,16521.37491123342,209365.24089116382
2026-03-14 16:30:32.936941,USB Drive,Peripherals,Central,3,1621.5365136929554,4864.609541078866,112.85298234168657,4751.756558737179
2026-03-14 16:30:32.936941,Webcam,Accessories,West,9,4051.5578274683844,36464.02044721546,4973.093993729316,31490.926453486143
2026-03-15 16:30:32.936941,Laptop,Electronics,South,2,89287.06617758487,178574.13235516974,22515.650329442884,156058.48202572687
2026-03-15 16:30:32.936941,Monitor,Electronics,West,7,37006.49507141819,259045.46549992735,5183.751606513317,253861.71389341404
2026-03-15 16:30:32.936941,Tablet,Electronics,Central,1,15670.601382711484,15670.601382711484,1481.4587907541704,14189.142591957314
2026-03-16 16:30:32.936941,Webcam,Accessories,West,5,6625.374099677491,33126.870498387456,3996.9372600726674,29129.93323831479
2026-03-16 16:30:32.936941,Laptop,Electronics,West,4,42515.581262679014,170062.32505071606,22383.559423753813,147678.76562696224
2026-03-16 16:30:32.936941,Keyboard,Peripherals,South,7,4973.31499385168,34813.20495696176,4388.221818725174,30424.983138236585
2026-03-16 16:30:32.936941,Laptop,Electronics,West,7,56730.19679264177,397111.3775484924,12846.204404092938,384265.1731443995
2026-03-16 16:30:32.936941,Monitor,Electronics,East,2,25892.979561575212,51785.959123150424,3358.0134018155086,48427.945721334916
2026-03-17 16:30:32.936941,Laptop,Electronics,East,2,69478.94306494729,138957.88612989458,14853.77045896712,124104.11567092747
2026-03-17 16:30:32.936941,Monitor,Electronics,East,3,26128.789665410855,78386.36899623257,10093.149436652839,68293.21955957974
2026-03-17 16:30:32.936941,Monitor,Electronics,West,4,17046.21103262501,68184.84413050005,3709.942328397521,64474.901802102526
2026-03-18 16:30:32.936941,Mobile Phone,Electronics,South,4,46037.29521497106,184149.18085988425,5778.1757112515015,178371.00514863274
2026-03-18 16:30:32.936941,Tablet,Electronics,East,7,25409.44228367076,177866.0959856953,8694.468829507767,169171.62715618755
2026-03-18 16:30:32.936941,USB Drive,Peripherals,East,6,1871.5452803671424,11229.271682202854,1083.572745726846,10145.698936476008
2026-03-18 16:30:32.936941,Monitor,Electronics,West,9,21089.97932482553,189809.81392342976,15701.073845708364,174108.7400777214
2026-03-18 16:30:32.936941,Webcam,Accessories,North,3,3657.1028864390228,10971.308659317068,1430.6849975622113,9540.623661754857
2026-03-19 16:30:32.936941,Headphones,Accessories,West,9,7454.849319049947,67093.64387144952,9211.91313579403,57881.73073565549
2026-03-19 16:30:32.936941,Headphones,Accessories,West,1,2842.483657756319,2842.483657756319,250.58196212309375,2591.9016956332252
2026-03-19 16:30:32.936941,USB Drive,Peripherals,Central,5,659.0577212732185,3295.2886063660926,467.6091668228034,2827.6794395432894
2026-03-19 16:30:32.936941,Keyboard,Peripherals,North,1,5654.817919720782,5654.817919720782,693.0860865170622,4961.731833203719
2026-03-19 16:30:32.936941,Speaker,Accessories,South,8,13582.592266669515,108660.73813335612,14990.157397619616,93670.5807357365
2026-03-20 16:30:32.936941,Mobile Phone,Electronics,East,6,59203.89605539935,355223.3763323961,46509.653034461044,308713.7232979351
2026-03-20 16:30:32.936941,Speaker,Accessories,West,7,7142.003720590586,49994.02604413411,5502.907793436139,44491.11825069797
2026-03-20 16:30:32.936941,Tablet,Electronics,Central,4,49081.57575350548,196326.30301402192,8864.900816951087,187461.40219707083
2026-03-20 16:30:32.936941,Webcam,Accessories,North,6,7835.665009404557,47013.99005642734,5022.257591853563,41991.732464573775
2026-03-20 16:30:32.936941,Tablet,Electronics,South,7,21854.77719161423,152983.4403412996,2665.4044758246037,150318.035865475
2026-03-21 16:30:32.936941,Headphones,Accessories,North,9,8790.9438827638,79118.4949448742,11012.245267550015,68106.24967732419
2026-03-21 16:30:32.936941,Headphones,Accessories,North,1,3726.253613179111,3726.253613179111,327.9682942705355,3398.285318908576
2026-03-21 16:30:32.936941,USB Drive,Peripherals,North,4,1208.5882608886068,4834.353043554427,662.9797968244956,4171.373246729931
2026-03-21 16:30:32.936941,Keyboard,Peripherals,South,7,4015.8601819135624,28111.021273394937,2569.444498585289,25541.576774809648
2026-03-21 16:30:32.936941,Monitor,Electronics,East,5,23676.051148058035,118380.25574029017,4156.885728349619,114223.37001194055
2026-03-22 16:30:32.936941,USB Drive,Peripherals,Central,1,1579.9094665211903,1579.9094665211903,77.28893261871373,1502.6205339024766
2026-03-22 16:30:32.936941,Mouse,Peripherals,North,5,1835.2999525633552,9176.499762816777,527.6424624711843,8648.857300345593
2026-03-23 16:30:32.936941,Laptop,Electronics,South,6,63418.79275308912,380512.75651853473,21602.000174051675,358910.75634448306
2026-03-23 16:30:32.936941,Keyboard,Peripherals,West,5,5549.549306559462,27747.74653279731,3597.840709190342,24149.90582360697
2026-03-23 16:30:32.936941,Webcam,Accessories,West,6,3931.9633779605892,23591.780267763534,1057.0834585931675,22534.696809170367
2026-03-24 16:30:32.936941,Tablet,Electronics,West,5,26540.286058968366,132701.43029484182,19352.14121012556,113349.28908471626
2026-03-24 16:30:32.936941,Webcam,Accessories,Central,6,7019.131902946674,42114.79141768004,2352.2605949304466,39762.53082274959
2026-03-24 16:30:32.936941,Keyboard,Peripherals,East,8,3715.4720580074427,29723.77646405954,3045.1206103357626,26678.65585372378
2026-03-24 16:30:32.936941,Tablet,Electronics,East,3,45935.99121337039,137807.97364011116,6372.061333805198,131435.91230630595
2026-03-25 16:30:32.936941,Mobile Phone,Electronics,East,9,56408.47007614601,507676.2306853141,10401.443608237732,497274.7870770764
2026-03-25 16:30:32.936941,Laptop,Electronics,West,3,45130.1174695706,135390.3524087118,6698.159566807769,128692.19284190403
2026-03-25 16:30:32.936941,Laptop,Electronics,South,6,53634.689673283676,321808.1380397021,4815.924781411494,316992.2132582906
2026-03-26 16:30:32.936941,Webcam,Accessories,South,7,3755.5012840320805,26288.508988224563,174.99474759810857,26113.514240626453
2026-03-26 16:30:32.936941,Headphones,Accessories,South,6,5971.328394482142,35827.970366892856,1655.9315701331961,34172.03879675966
2026-03-26 16:30:32.936941,Headphones,Accessories,East,1,7607.3265738828395,7607.3265738828395,509.594013046568,7097.732560836272
2026-03-26 16:30:32.936941,Mouse,Peripherals,Central,5,1222.4424906200802,6112.212453100401,282.600634348272,5829.611818752129
2026-03-27 16:30:32.936941,Laptop,Electronics,North,8,76308.68712671762,610469.4970137409,31552.25905869204,578917.2379550489
2026-03-27 16:30:32.936941,USB Drive,Peripherals,South,5,846.9797013572733,4234.898506786366,297.017335478914,3937.881171307452
2026-03-27 16:30:32.936941,Tablet,Electronics,Central,2,46740.72913889974,93481.45827779948,164.792754791829,93316.66552300766
2026-03-28 16:30:32.936941,Laptop,Electronics,South,3,53052.96580086148,159158.89740258444,12757.88987714015,146401.0075254443
2026-03-28 16:30:32.936941,Monitor,Electronics,Central,9,13817.964757345339,124361.68281610805,17842.37871507764,106519.3041010304
2026-03-28 16:30:32.936941,Monitor,Electronics,East,3,39938.701465068574,119816.10439520572,7887.28498040081,111928.81941480491
2026-03-28 16:30:32.936941,Mouse,Peripherals,West,6,658.6232591500947,3951.739554900568,444.5486028182876,3507.19095208228
2026-03-28 16:30:32.936941,Keyboard,Peripherals,West,7,4857.936159728797,34005.55311810158,4003.0104324093454,30002.54268569224
2026-03-29 16:30:32.936941,Monitor,Electronics,South,3,28731.278664759273,86193.83599427782,11558.291827175704,74635.54416710211
2026-03-29 16:30:32.936941,USB Drive,Peripherals,East,8,1177.2923223186303,9418.338578549043,728.6577052115889,8689.680873337455
2026-03-30 16:30:32.936941,Speaker,Accessories,Central,9,9177.999654111474,82601.99688700328,7884.763000557043,74717.23388644624
2026-03-30 16:30:32.936941,Mouse,Peripherals,Central,3,2789.6864183023727,8369.059254907119,60.47006411858942,8308.589190788529
2026-03-30 16:30:32.936941,Mobile Phone,Electronics,North,5,55815.508143779254,279077.54071889626,4027.329267935151,275050.2114509611
2026-03-31 16:30:32.936941,Speaker,Accessories,East,3,7878.089778719043,23634.26933615713,573.5632490946352,23060.706087062495
2026-03-31 16:30:32.936941,Speaker,Accessories,Central,5,11897.02890088093,59485.144504404656,5159.187678267695,54325.95682613696
2026-03-31 16:30:32.936941,Webcam,Accessories,East,2,2545.7583124773014,5091.516624954603,593.2393898499575,4498.277235104645
2026-03-31 16:30:32.936941,Monitor,Electronics,North,3,24060.70201687423,72182.1060506227,5617.565284591109,66564.54076603158
2026-04-01 16:30:32.936941,USB Drive,Peripherals,North,3,1761.7830576068707,5285.349172820612,560.950822875637,4724.398349944975
2026-04-01 16:30:32.936941,Keyboard,Peripherals,East,8,6062.7959210826075,48502.36736866086,6323.478555074899,42178.88881358596
2026-04-01 16:30:32.936941,Keyboard,Peripherals,East,8,5041.559171275463,40332.473370203705,5374.863558177682,34957.60981202602
2026-04-01 16:30:32.936941,Monitor,Electronics,East,3,34133.20965371279,102399.62896113837,6341.937159106214,96057.69180203216
2026-04-01 16:30:32.936941,Headphones,Accessories,South,4,2508.066199538817,10032.264798155267,971.5949379028726,9060.669860252394
2026-04-02 16:30:32.936941,Speaker,Accessories,South,7,11318.374380951382,79228.62066665967,11430.852704283956,67797.76796237571
2026-04-02 16:30:32.936941,Laptop,Electronics,Central,4,56156.5890106451,224626.3560425804,12760.471851116085,211865.8841914643
2026-04-03 16:30:32.936941,Mouse,Peripherals,East,2,1700.853940555567,3401.707881111134,234.11213309318455,3167.5957480179495
2026-04-03 16:30:32.936941,Tablet,Electronics,North,1,33863.26787944616,33863.26787944616,3873.374429277373,29989.893450168787
2026-04-04 16:30:32.936941,USB Drive,Peripherals,East,2,1703.4354619720411,3406.8709239440823,446.86562414919786,2960.005299794884
2026-04-04 16:30:32.936941,Monitor,Electronics,West,2,30103.223480333047,60206.44696066609,5835.695163158121,54370.75179750797
2026-04-04 16:30:32.936941,Mouse,Peripherals,West,3,2474.329408300029,7422.9882249000875,746.4665816352002,6676.521643264888
2026-04-04 16:30:32.936941,Laptop,Electronics,Central,2,58915.074581584304,117830.14916316861,13995.60346553549,103834.54569763312
2026-04-05 16:30:32.936941,Webcam,Accessories,South,8,4557.482665738958,36459.86132591166,1267.2989659477514,35192.56235996391
2026-04-05 16:30:32.936941,Keyboard,Peripherals,South,8,4413.875196047695,35311.00156838156,170.06019816693896,35140.94137021462
2026-04-06 16:30:32.936941,Speaker,Accessories,West,6,11323.228096757482,67939.36858054489,2344.2020185957376,65595.16656194915
2026-04-06 16:30:32.936941,Keyboard,Peripherals,Central,4,3202.921546254959,12811.686185019837,655.0859471160547,12156.600237903782
2026-04-06 16:30:32.936941,Monitor,Electronics,South,6,18144.530404573376,108867.18242744025,13157.130028730418,95710.05239870983
2026-04-07 16:30:32.936941,Speaker,Accessories,South,8,5890.5476056724,47124.3808453792,3774.3429104195343,43350.03793495967
2026-04-07 16:30:32.936941,Monitor,Electronics,North,7,13235.988229497723,92651.91760648406,1838.9137876691884,90813.00381881488
2026-04-07 16:30:32.936941,USB Drive,Peripherals,South,9,1297.7856640357465,11680.070976321718,818.1159104989238,10861.955065822794
2026-04-07 16:30:32.936941,Monitor,Electronics,Central,9,29397.479472829968,264577.3152554697,27905.904293467484,236671.4109620022
2026-04-07 16:30:32.936941,Tablet,Electronics,East,8,27756.094677887522,222048.75742310018,22445.445551496556,199603.31187160363
2026-04-08 16:30:32.936941,Mobile Phone,Electronics,South,6,40515.81305590534,243094.87833543203,31934.855680545097,211160.02265488694
2026-04-08 16:30:32.936941,Keyboard,Peripherals,South,3,5703.8268095495605,17111.480428648683,2555.035772565551,14556.444656083133
2026-04-09 16:30:32.936941,Monitor,Electronics,West,6,27482.424222821275,164894.54533692764,1885.2138207727003,163009.33151615493
2026-04-09 16:30:32.936941,Keyboard,Peripherals,East,6,7302.59104161805,43815.546249708306,634.8033382470322,43180.742911461275
2026-04-09 16:30:32.936941,Monitor,Electronics,Central,4,39384.50104869844,157538.00419479376,17801.957228440337,139736.04696635343
2026-04-10 16:30:32.936941,Monitor,Electronics,West,4,17054.29128118659,68217.16512474636,6110.15598986782,62107.00913487854
2026-04-10 16:30:32.936941,Mobile Phone,Electronics,West,7,47902.64921349747,335318.5444944823,41115.180704694205,294203.3637897881
2026-04-10 16:30:32.936941,Laptop,Electronics,Central,8,87505.64513802304,700045.1611041843,45801.85154424885,654243.3095599355
2026-04-10 16:30:32.936941,Webcam,Accessories,Central,3,6510.700726626025,19532.102179878075,13.38592364532903,19518.716256232747
2026-04-10 16:30:32.936941,Mobile Phone,Electronics,West,5,78993.11388777266,394965.5694388633,50357.19391165089,344608.3755272124
2026-04-11 16:30:32.936941,Headphones,Accessories,Central,5,4532.408211108072,22662.041055540358,2837.922611685756,19824.1184438546
2026-04-11 16:30:32.936941,Mobile Phone,Electronics,West,7,73737.84433306319,516164.9103314423,7770.873411473032,508394.03691996925
2026-04-12 16:30:32.936941,Speaker,Accessories,East,8,5606.940933543272,44855.527468346176,4220.166697788529,40635.36077055764
2026-04-12 16:30:32.936941,Mouse,Peripherals,North,2,1360.1935937756843,2720.3871875513687,196.81298260833574,2523.574204943033
2026-04-13 16:30:32.936941,Tablet,Electronics,South,2,29441.68862706622,58883.37725413244,7387.006786707633,51496.37046742481
2026-04-13 16:30:32.936941,Headphones,Accessories,East,9,6353.792657988416,57184.133921895744,2187.599083102754,54996.53483879299
2026-04-13 16:30:32.936941,Mouse,Peripherals,Central,9,2513.541126569162,22621.870139122457,2974.024579277596,19647.84555984486
2026-04-13 16:30:32.936941,USB Drive,Peripherals,South,6,1159.6462925426636,6957.877755255981,288.1311926852128,6669.746562570768
2026-04-14 16:30:32.936941,Keyboard,Peripherals,South,5,4388.555325689349,21942.776628446743,1455.1560595176895,20487.620568929055
2026-04-14 16:30:32.936941,Mobile Phone,Electronics,West,8,71074.76741035256,568598.1392828205,69105.86367844438,499492.2756043761
2026-04-15 16:30:32.936941,Keyboard,Peripherals,South,6,5315.14343804308,31890.86062825848,2454.45734529631,29436.403282962172
2026-04-15 16:30:32.936941,Keyboard,Peripherals,North,6,6757.207189880455,40543.24313928273,2904.217849963699,37639.025289319026
2026-04-15 16:30:32.936941,Laptop,Electronics,West,3,76652.25651799704,229956.76955399112,25435.90331559708,204520.86623839405
2026-04-16 16:30:32.936941,Monitor,Electronics,South,6,29132.88160141713,174797.2896085028,10132.843592594138,164664.44601590864
2026-04-16 16:30:32.936941,Tablet,Electronics,Central,5,47279.8493918186,236399.246959093,30842.412735485417,205556.83422360758
2026-04-16 16:30:32.936941,Tablet,Electronics,West,7,27045.723436313136,189320.06405419196,27845.019946337838,161475.04410785413
2026-04-17 16:30:32.936941,Mobile Phone,Electronics,South,8,66735.35934868353,533882.8747894682,45635.860285275245,488247.014504193
2026-04-17 16:30:32.936941,Webcam,Accessories,West,1,6389.9601155361315,6389.9601155361315,450.81770673249895,5939.142408803633
2026-04-17 16:30:32.936941,Mouse,Peripherals,West,8,2836.55210088477,22692.41680707816,2652.3126193577004,20040.10418772046
2026-04-17 16:30:32.936941,Mouse,Peripherals,West,1,2714.148359085828,2714.148359085828,255.26093038735274,2458.887428698475
2026-04-17 16:30:32.936941,Mouse,Peripherals,North,4,1577.9087328370044,6311.634931348018,22.9468268967645,6288.688104451253
2026-04-18 16:30:32.936941,Laptop,Electronics,Central,1,60551.073300489246,60551.073300489246,4575.312867358325,55975.76043313092
2026-04-18 16:30:32.936941,Headphones,Accessories,East,1,1245.8756047756897,1245.8756047756897,62.0461022835265,1183.829502492163
2026-04-18 16:30:32.936941,Laptop,Electronics,East,8,40460.59108460926,323684.7286768741,2505.2282076116007,321179.5004692625
2026-04-19 16:30:32.936941,Speaker,Accessories,South,6,10636.706474189086,63820.23884513452,1329.7027778850068,62490.53606724951
2026-04-19 16:30:32.936941,Laptop,Electronics,North,8,82760.96896264376,662087.7517011501,71495.50975566317,590592.241945487
2026-04-19 16:30:32.936941,Headphones,Accessories,South,2,6432.652381145418,12865.304762290836,381.7656767205998,12483.539085570237
2026-04-20 16:30:32.936941,Keyboard,Peripherals,East,4,3036.9872444053117,12147.948977621247,1263.847250839997,10884.10172678125
2026-04-20 16:30:32.936941,Tablet,Electronics,North,5,39543.606831964076,197718.03415982038,563.4651254465318,197154.56903437385
2026-04-20 16:30:32.936941,Mouse,Peripherals,Central,8,1458.5653332847678,11668.522666278142,1524.836306169562,10143.68636010858
2026-04-21 16:30:32.936941,Webcam,Accessories,East,7,3086.915643829827,21608.409506808788,2957.569973421478,18650.83953338731
2026-04-21 16:30:32.936941,Tablet,Electronics,North,4,15157.263639012206,60629.054556048824,8443.894505528477,52185.160050520346
2026-04-21 16:30:32.936941,Laptop,Electronics,East,9,63292.66597858612,569633.9938072751,75821.03439296554,493812.95941430953
2026-04-22 16:30:32.936941,Monitor,Electronics,West,4,27235.129825041935,108940.51930016774,11891.747120927877,97048.77217923987
2026-04-22 16:30:32.936941,Speaker,Accessories,Central,5,5646.077122170943,28230.385610854715,811.5497312419349,27418.83587961278
2026-04-22 16:30:32.936941,Speaker,Accessories,East,2,11485.337752045263,22970.675504090526,268.9428211728056,22701.732682917722
2026-04-23 16:30:32.936941,Mouse,Peripherals,South,7,1644.210563559442,11509.473944916095,629.5662205041148,10879.90772441198
2026-04-23 16:30:32.936941,Keyboard,Peripherals,West,8,6580.778426067902,52646.227408543215,6687.22616520002,45959.0012433432
2026-04-23 16:30:32.936941,Keyboard,Peripherals,South,5,4888.261176164768,24441.30588082384,411.85029752902204,24029.455583294817
2026-04-24 16:30:32.936941,Tablet,Electronics,West,8,33748.2787776691,269986.2302213528,20761.72965218199,249224.50056917078
2026-04-24 16:30:32.936941,Laptop,Electronics,South,7,56809.34715461629,397665.43008231407,17039.305605717527,380626.12447659654
2026-04-24 16:30:32.936941,Headphones,Accessories,South,6,4320.731885819836,25924.391314919016,2750.0833321989085,23174.307982720107
2026-04-24 16:30:32.936941,Headphones,Accessories,North,5,8836.87565009935,44184.378250496746,6110.763273347588,38073.614977149155
2026-04-25 16:30:32.936941,Webcam,Accessories,Central,3,6392.547441336375,19177.642324009124,2575.909594793569,16601.732729215557
2026-04-25 16:30:32.936941,Tablet,Electronics,North,6,15339.33089170311,92035.98535021866,4237.370042869709,87798.61530734895
2026-04-26 16:30:32.936941,Keyboard,Peripherals,North,7,7178.580189101898,50250.061323713286,5017.842353028864,45232.21897068442
2026-04-26 16:30:32.936941,Mouse,Peripherals,East,7,614.9309680011987,4304.516776008391,420.69017038516097,3883.8266056232305
2026-04-26 16:30:32.936941,Speaker,Accessories,Central,6,14259.287506137867,85555.7250368272,5617.666743887484,79938.05829293972
2026-04-26 16:30:32.936941,Laptop,Electronics,Central,9,83509.54907798978,751585.941701908,82164.0740112262,669421.8676906818
2026-04-26 16:30:32.936941,Laptop,Electronics,North,1,49466.55986754671,49466.55986754671,2282.81752576415,47183.74234178256
2026-04-27 16:30:32.936941,Laptop,Electronics,North,4,90617.42731537845,362469.7092615138,49470.09467901886,312999.61458249495
2026-04-27 16:30:32.936941,Mobile Phone,Electronics,West,1,31569.869942800487,31569.869942800487,2744.246188280735,28825.62375451975
2026-04-27 16:30:32.936941,USB Drive,Peripherals,West,5,510.90947221788736,2554.547361089437,27.73216986278802,2526.815191226649
2026-04-27 16:30:32.936941,Mobile Phone,Electronics,Central,2,65346.04405695754,130692.08811391507,9363.04721056262,121329.04090335245
2026-04-27 16:30:32.936941,Monitor,Electronics,West,6,23584.83414104276,141509.00484625658,15598.294332005187,125910.71051425139
2026-04-28 16:30:32.936941,Tablet,Electronics,South,2,18427.390749495222,36854.781498990444,3153.7680681246648,33701.01343086578
2026-04-28 16:30:32.936941,Laptop,Electronics,East,2,59416.778065087376,118833.55613017475,4677.823253932459,114155.7328762423
2026-04-28 16:30:32.936941,Mouse,Peripherals,North,4,1277.1752930436826,5108.70117217473,360.2552099949419,4748.445962179789
2026-04-28 16:30:32.936941,Speaker,Accessories,East,8,5349.714071139768,42797.71256911814,596.3525846455035,42201.35998447264
2026-04-28 16:30:32.936941,Webcam,Accessories,Central,6,6900.812137937361,41404.87282762416,1298.5657249798169,40106.30710264434
2026-04-29 16:30:32.936941,Tablet,Electronics,West,8,46490.93818429105,371927.5054743284,45769.02799329507,326158.47748103336
2026-04-29 16:30:32.936941,Mobile Phone,Electronics,Central,3,54582.23659133265,163746.70977399795,11640.297163754472,152106.41261024348
2026-04-29 16:30:32.936941,Webcam,Accessories,North,5,7751.561082291771,38757.80541145885,5231.156797428194,33526.64861403066
2026-04-29 16:30:32.936941,Monitor,Electronics,North,1,29099.335776686297,29099.335776686297,3213.620299625874,25885.715477060425
2026-04-29 16:30:32.936941,Mobile Phone,Electronics,West,3,59988.72146558557,179966.1643967567,6677.01122609955,173289.15317065717
2026-04-30 16:30:32.936941,Headphones,Accessories,Central,9,7646.709219142543,68820.38297228288,8150.076317656807,60670.306654626074
2026-04-30 16:30:32.936941,Headphones,Accessories,East,7,4508.254276217269,31557.779933520884,4171.388552208351,27386.391381312533
2026-04-30 16:30:32.936941,Speaker,Accessories,South,4,9598.48023583561,38393.92094334244,3296.349421070965,35097.57152227148
2026-04-30 16:30:32.936941,Keyboard,Peripherals,West,4,7812.467711994042,31249.870847976166,2440.642324372841,28809.228523603324
2026-05-01 16:30:32.936941,Monitor,Electronics,South,7,28094.834804106304,196663.84362874413,26609.187369738127,170054.656259006
2026-05-01 16:30:32.936941,Laptop,Electronics,Central,3,80150.26564690098,240450.79694070294,948.7585013132014,239502.03843938975
2026-05-01 16:30:32.936941,USB Drive,Peripherals,South,9,1207.2882281781199,10865.59405360308,604.5458874246091,10261.04816617847
2026-05-01 16:30:32.936941,USB Drive,Peripherals,East,4,1107.987061514956,4431.948246059824,23.58909227995561,4408.359153779868
2026-05-01 16:30:32.936941,Headphones,Accessories,North,2,7670.374059570929,15340.748119141857,1295.455384723707,14045.29273441815
2026-05-02 16:30:32.936941,Laptop,Electronics,North,1,58623.75161707112,58623.75161707112,1738.8549321718594,56884.89668489926
2026-05-02 16:30:32.936941,Mobile Phone,Electronics,Central,4,26829.8394444479,107319.3577777916,5383.266623153469,101936.09115463814
2026-05-03 16:30:32.936941,USB Drive,Peripherals,South,9,925.787373716263,8332.086363446368,78.30948896068325,8253.776874485684
2026-05-03 16:30:32.936941,Mobile Phone,Electronics,Central,8,22753.632072502955,182029.05658002364,16100.405608514575,165928.65097150905
2026-05-03 16:30:32.936941,Mobile Phone,Electronics,North,7,42980.65253726793,300864.5677608755,12009.556022463272,288855.01173841226
2026-05-03 16:30:32.936941,Monitor,Electronics,South,3,30491.28241253758,91473.84723761275,9471.101911611648,82002.7453260011
2026-05-03 16:30:32.936941,USB Drive,Peripherals,East,2,1107.2387127435609,2214.4774254871218,109.64014792986593,2104.8372775572557
2026-05-04 16:30:32.936941,Monitor,Electronics,West,9,28132.79255054806,253195.13295493255,32200.276597991102,220994.85635694145
2026-05-04 16:30:32.936941,Laptop,Electronics,North,6,56980.828184856844,341884.96910914104,13592.708687365177,328292.26042177586
2026-05-04 16:30:32.936941,Tablet,Electronics,North,7,29268.536035184057,204879.7522462884,16831.44714024212,188048.3051060463
2026-05-04 16:30:32.936941,Monitor,Electronics,East,6,25990.825145881063,155944.95087528636,1254.581988048781,154690.3688872376
2026-05-04 16:30:32.936941,Keyboard,Peripherals,West,4,2134.969877467258,8539.879509869032,274.7505980998342,8265.128911769198
2026-05-05 16:30:32.936941,Mobile Phone,Electronics,North,5,48432.97240065428,242164.8620032714,7008.819919098475,235156.04208417292
2026-05-05 16:30:32.936941,Laptop,Electronics,North,4,41732.419040156805,166929.67616062722,11825.282738071968,155104.39342255524
2026-05-05 16:30:32.936941,Tablet,Electronics,South,7,19911.772837737706,139382.40986416396,3418.7916361773255,135963.61822798662
2026-05-06 16:30:32.936941,Keyboard,Peripherals,East,2,3097.9555747598442,6195.9111495196885,502.20989700397604,5693.701252515712
2026-05-06 16:30:32.936941,USB Drive,Peripherals,Central,6,1200.3263324499817,7201.95799469989,33.67608441264293,7168.281910287247
2026-05-06 16:30:32.936941,Monitor,Electronics,North,2,18937.934722398877,37875.869444797754,4161.3289662458665,33714.54047855189
2026-05-07 16:30:32.936941,Keyboard,Peripherals,East,8,2087.491078222429,16699.928625779434,1254.626325782733,15445.302299996702
2026-05-07 16:30:32.936941,Tablet,Electronics,North,7,15572.66015862391,109008.62111036737,3808.625097633025,105199.99601273435
2026-05-07 16:30:32.936941,Mouse,Peripherals,West,5,2670.7614363362522,13353.80718168126,552.3558420956838,12801.451339585577
2026-05-07 16:30:32.936941,USB Drive,Peripherals,East,4,849.1102210862416,3396.4408843449664,233.54565528019322,3162.895229064773
2026-05-08 16:30:32.936941,Mouse,Peripherals,West,5,2457.0230901320133,12285.115450660067,1327.259874571474,10957.855576088594
2026-05-08 16:30:32.936941,Mouse,Peripherals,South,1,2839.8344281133186,2839.8344281133186,376.2197514626604,2463.614676650658
2026-05-08 16:30:32.936941,Mobile Phone,Electronics,South,6,72751.96948221332,436511.8168932799,47146.86927676794,389364.94761651196
2026-05-08 16:30:32.936941,Laptop,Electronics,South,1,60903.250666912805,60903.250666912805,3402.0972695442133,57501.153397368595
2026-05-09 16:30:32.936941,Mobile Phone,Electronics,West,9,54769.18888738193,492922.6999864374,66392.81090899427,426529.8890774431
2026-05-09 16:30:32.936941,Webcam,Accessories,West,5,5159.9336969777305,25799.66848488865,2693.7819277327467,23105.886557155904
2026-05-09 16:30:32.936941,Webcam,Accessories,West,6,3833.6435489925316,23001.86129395519,2343.2138613605835,20658.647432594607
2026-05-09 16:30:32.936941,Tablet,Electronics,Central,3,47334.275016295855,142002.82504888758,20124.498541392924,121878.32650749465
2026-05-09 16:30:32.936941,Mouse,Peripherals,East,4,1479.318377878323,5917.273511513292,339.02699272508676,5578.246518788205
2026-05-10 16:30:32.936941,Webcam,Accessories,North,2,3377.218540725612,6754.437081451224,875.7635192245166,5878.673562226708
2026-05-10 16:30:32.936941,Tablet,Electronics,West,1,43463.37661444108,43463.37661444108,435.2827449423888,43028.09386949869
2026-05-10 16:30:32.936941,USB Drive,Peripherals,North,3,510.29444088147983,1530.8833226444394,8.434254596742552,1522.449068047697
2026-05-10 16:30:32.936941,Mouse,Peripherals,West,2,2154.255231605514,4308.510463211028,191.29332910471157,4117.217134106317
2026-05-10 16:30:32.936941,Laptop,Electronics,North,7,57603.42856849769,403223.99997948384,6340.267590352867,396883.732389131
2026-05-11 16:30:32.936941,Monitor,Electronics,East,5,29233.353294090386,146166.76647045193,13911.320945676083,132255.44552477583
2026-05-11 16:30:32.936941,Laptop,Electronics,Central,4,51401.4275555592,205605.7102222368,7222.444271264917,198383.2659509719
2026-05-11 16:30:32.936941,Webcam,Accessories,Central,8,2293.015224081882,18344.121792655056,2658.750128242613,15685.371664412443
2026-05-11 16:30:32.936941,Headphones,Accessories,East,8,6977.975432132717,55823.80345706174,515.8426819109621,55307.96077515078
2026-05-11 16:30:32.936941,Speaker,Accessories,Central,3,13796.392839109616,41389.17851732885,3914.8799830307103,37474.29853429814
2026-05-12 16:30:32.936941,Webcam,Accessories,North,7,5379.820284937952,37658.741994565666,5215.892760276879,32442.849234288788
2026-05-12 16:30:32.936941,Mouse,Peripherals,South,4,2840.7715909832264,11363.086363932905,658.8469458033738,10704.239418129531
2026-05-12 16:30:32.936941,USB Drive,Peripherals,East,7,1187.8154968123617,8314.708477686532,136.92370016028676,8177.784777526245
2026-05-12 16:30:32.936941,Mouse,Peripherals,South,4,1699.407977820621,6797.631911282484,724.6549688587663,6072.976942423717
2026-05-13 16:30:32.936941,Speaker,Accessories,Central,6,4793.369208725491,28760.215252352948,3561.0649094351606,25199.150342917786
2026-05-13 16:30:32.936941,Laptop,Electronics,North,5,49439.38370725888,247196.9185362944,33024.88629748524,214172.03223880916
2026-05-13 16:30:32.936941,Tablet,Electronics,Central,9,18145.466474126897,163309.19826714208,3312.909641004701,159996.2886261374
2026-05-13 16:30:32.936941,USB Drive,Peripherals,West,1,535.3920707948026,535.3920707948026,14.615851888854506,520.7762189059481
2026-05-14 16:30:32.936941,Tablet,Electronics,North,5,49263.80182581788,246319.0091290894,35160.58129709665,211158.42783199274
2026-05-14 16:30:32.936941,USB Drive,Peripherals,East,4,1609.3345626489565,6437.338250595826,902.4762622993762,5534.86198829645
2026-05-15 16:30:32.936941,Headphones,Accessories,East,9,4040.784492792021,36367.06043512819,915.8430859974072,35451.21734913078
2026-05-15 16:30:32.936941,Monitor,Electronics,North,2,38288.96487055137,76577.92974110274,4069.1862012327397,72508.74353987
2026-05-16 16:30:32.936941,Speaker,Accessories,South,8,11626.718394246911,93013.74715397529,802.662113933215,92211.08504004207
2026-05-16 16:30:32.936941,Speaker,Accessories,West,7,2962.2598733266236,20735.819113286365,179.46997471769913,20556.349138568665
2026-05-16 16:30:32.936941,Mouse,Peripherals,South,1,655.833745396102,655.833745396102,21.361327007210388,634.4724183888916
2026-05-16 16:30:32.936941,Mobile Phone,Electronics,West,3,61505.63184579667,184516.89553739002,13733.561554491516,170783.3339828985
2026-05-17 16:30:32.936941,USB Drive,Peripherals,Central,1,1316.4078414512385,1316.4078414512385,93.09432360560852,1223.31351784563
2026-05-17 16:30:32.936941,USB Drive,Peripherals,North,3,1976.698445411421,5930.095336234263,857.0999340195759,5072.995402214688
2026-05-17 16:30:32.936941,USB Drive,Peripherals,West,3,585.1711088844603,1755.5133266533808,150.58940459017276,1604.923922063208
2026-05-18 16:30:32.936941,Keyboard,Peripherals,North,9,4479.882102172251,40318.93891955026,5657.159556170464,34661.77936337979
2026-05-18 16:30:32.936941,USB Drive,Peripherals,North,2,1681.138609007275,3362.27721801455,6.83096576466398,3355.4462522498857
2026-05-19 16:30:32.936941,Mobile Phone,Electronics,West,6,41438.56816448301,248631.40898689808,3603.4698164088227,245027.93917048926
2026-05-19 16:30:32.936941,Mouse,Peripherals,North,8,747.4189917475203,5979.351933980162,576.8995370375,5402.452396942663
2026-05-19 16:30:32.936941,Speaker,Accessories,Central,2,4532.200888093836,9064.401776187671,58.84948120684904,9005.552294980822
2026-05-20 16:30:32.936941,Laptop,Electronics,North,9,44059.46418948465,396535.17770536186,40183.03216351423,356352.1455418476
2026-05-20 16:30:32.936941,Webcam,Accessories,Central,7,4053.3578535636057,28373.50497494524,502.601563305959,27870.903411639283
2026-05-20 16:30:32.936941,Monitor,Electronics,Central,3,38065.638563932094,114196.91569179628,5691.098063750082,108505.8176280462
2026-05-21 16:30:32.936941,Speaker,Accessories,South,9,9467.910297780345,85211.1926800231,8567.116415272265,76644.07626475084
2026-05-21 16:30:32.936941,USB Drive,Peripherals,East,8,1982.7144091920165,15861.715273536132,281.46349665019244,15580.25177688594
2026-05-21 16:30:32.936941,Keyboard,Peripherals,North,3,5355.856519275212,16067.569557825636,1703.9281969457734,14363.641360879863
2026-05-21 16:30:32.936941,Headphones,Accessories,West,5,2939.2534526556337,14696.267263278169,874.8485258395962,13821.418737438573
2026-05-21 16:30:32.936941,Keyboard,Peripherals,Central,1,4156.718533795721,4156.718533795721,112.50699000702619,4044.2115437886946
2026-05-22 16:30:32.936941,Webcam,Accessories,Central,5,2722.4654582987337,13612.327291493668,68.17850678607269,13544.148784707595
2026-05-22 16:30:32.936941,USB Drive,Peripherals,East,6,1774.6950059804847,10648.170035882908,1317.8969125261872,9330.273123356721
2026-05-22 16:30:32.936941,USB Drive,Peripherals,North,7,1258.3295439843284,8808.3068078903,972.2443541191518,7836.062453771148
2026-05-22 16:30:32.936941,Mobile Phone,Electronics,South,3,39660.78643774509,118982.35931323527,7552.13666984946,111430.22264338582
2026-05-22 16:30:32.936941,Laptop,Electronics,East,9,72332.43048407818,650991.8743567036,14361.504742583504,636630.3696141201
2026-05-23 16:30:32.936941,Keyboard,Peripherals,East,9,7762.779352624955,69865.0141736246,5433.35062347929,64431.66355014531
2026-05-23 16:30:32.936941,Speaker,Accessories,Central,6,7879.393130978127,47276.35878586877,6904.094446653502,40372.26433921527
2026-05-23 16:30:32.936941,Keyboard,Peripherals,North,5,7570.567430557332,37852.83715278666,1241.6159340427632,36611.2212187439
2026-05-23 16:30:32.936941,Laptop,Electronics,South,9,94480.6976478529,850326.2788306761,55347.01761933707,794979.261211339
2026-05-24 16:30:32.936941,USB Drive,Peripherals,South,7,1406.747888799742,9847.235221598194,1441.2077181594627,8406.02750343873
2026-05-24 16:30:32.936941,Mouse,Peripherals,North,8,1176.9434897481633,9415.547917985306,942.7220576682014,8472.825860317105
2026-05-24 16:30:32.936941,Monitor,Electronics,Central,2,32008.372084950017,64016.744169900034,2646.027920578728,61370.7162493213
2026-05-25 16:30:32.936941,Headphones,Accessories,South,5,5718.247582076867,28591.237910384334,547.7769451495526,28043.460965234783
2026-05-25 16:30:32.936941,Mobile Phone,Electronics,West,6,51583.59917474075,309501.5950484445,44815.81846989736,264685.77657854714
2026-05-25 16:30:32.936941,Headphones,Accessories,West,4,7025.35924727265,28101.4369890906,115.14524208026668,27986.29174701033
2026-05-26 16:30:32.936941,Headphones,Accessories,East,6,6262.31534082387,37573.89204494322,4244.441492189007,33329.45055275421
2026-05-26 16:30:32.936941,Mobile Phone,Electronics,West,3,25752.180482493102,77256.5414474793,5963.41764597212,71293.12380150719
2026-05-27 16:30:32.936941,Laptop,Electronics,Central,5,72502.06638991709,362510.33194958547,47822.71743796032,314687.61451162514
2026-05-27 16:30:32.936941,Mobile Phone,Electronics,West,7,61213.29871016012,428493.0909711208,32199.98081168727,396293.11015943356
2026-05-27 16:30:32.936941,USB Drive,Peripherals,Central,4,1309.523239632772,5238.092958531088,359.95075785375684,4878.142200677331
2026-05-27 16:30:32.936941,Speaker,Accessories,South,5,6031.206187674358,30156.03093837179,3024.828589307129,27131.20234906466
2026-05-28 16:30:32.936941,USB Drive,Peripherals,North,7,1067.4241385545133,7471.968969881593,371.44110358058316,7100.527866301009
2026-05-28 16:30:32.936941,Speaker,Accessories,North,5,9349.081821768523,46745.409108842614,3510.730049192531,43234.67905965008
2026-05-29 16:30:32.936941,Speaker,Accessories,West,6,4593.302289820431,27559.813738922585,2914.118825722862,24645.694913199724
2026-05-29 16:30:32.936941,Webcam,Accessories,West,7,6519.4049936085,45635.8349552595,4919.820424678442,40716.01453058106
2026-05-29 16:30:32.936941,Speaker,Accessories,South,9,5579.819413581723,50218.37472223551,5062.293736770339,45156.08098546517
2026-05-30 16:30:32.936941,Webcam,Accessories,South,9,5604.1333511574985,50437.20016041749,4971.921440580314,45465.27871983717
2026-05-30 16:30:32.936941,Tablet,Electronics,North,5,16200.693902258558,81003.46951129279,2310.1707004955897,78693.29881079719
2026-05-30 16:30:32.936941,Mouse,Peripherals,Central,9,1386.8791099558384,12481.911989602546,1858.978290897609,10622.933698704937
2026-05-30 16:30:32.936941,Webcam,Accessories,East,1,2330.1662838342045,2330.1662838342045,154.6435321907109,2175.5227516434934
2026-05-30 16:30:32.936941,Speaker,Accessories,West,9,14184.400927255381,127659.60834529843,9049.213438691362,118610.39490660706
2026-05-31 16:30:32.936941,Mouse,Peripherals,Central,7,2064.268864091472,14449.882048640306,399.48948774328784,14050.392560897018
2026-05-31 16:30:32.936941,Headphones,Accessories,East,1,6255.771870594403,6255.771870594403,580.2811614557063,5675.490709138696
2026-05-31 16:30:32.936941,Mouse,Peripherals,East,3,2449.0528398384736,7347.15851951542,101.52591079206073,7245.632608723359
2026-05-31 16:30:32.936941,Monitor,Electronics,West,8,21313.752995687562,170510.0239655005,11500.68519390246,159009.33877159804
2026-06-01 16:30:32.936941,Tablet,Electronics,South,7,18210.810675755576,127475.67473028903,12467.391119181366,115008.28361110766
2026-06-01 16:30:32.936941,Mouse,Peripherals,Central,5,1185.0577988554778,5925.288994277389,701.7579136819842,5223.531080595405
2026-06-02 16:30:32.936941,Speaker,Accessories,East,9,6115.5700182879555,55040.130164591596,4049.3229489200767,50990.80721567152
2026-06-02 16:30:32.936941,Speaker,Accessories,East,2,4247.623883630673,8495.247767261346,76.47101623480565,8418.77675102654
2026-06-03 16:30:32.936941,Speaker,Accessories,South,2,9247.564693132506,18495.129386265013,1631.0209435557008,16864.108442709312
2026-06-03 16:30:32.936941,Headphones,Accessories,South,3,9360.84173674786,28082.525210243577,3244.076192642387,24838.44901760119
2026-06-03 16:30:32.936941,Webcam,Accessories,East,6,2278.528312680524,13671.169876083142,1718.2610901748903,11952.908785908252
2026-06-04 16:30:32.936941,Keyboard,Peripherals,South,4,5822.405447676421,23289.621790705685,1139.8249182733632,22149.796872432322
2026-06-04 16:30:32.936941,Tablet,Electronics,Central,9,34188.51240264169,307696.6116237752,6420.551431587621,301276.0601921876
2026-06-04 16:30:32.936941,Speaker,Accessories,East,7,10207.878998854008,71455.15299197806,2518.1165010490454,68937.03649092901
2026-06-04 16:30:32.936941,Mobile Phone,Electronics,East,4,58084.67112339467,232338.68449357868,21950.575123818646,210388.10936976003
2026-06-05 16:30:32.936941,Speaker,Accessories,West,1,5113.02031061571,5113.02031061571,425.0721638342975,4687.948146781412
2026-06-05 16:30:32.936941,Webcam,Accessories,Central,4,3954.784368473751,15819.137473895003,1934.2272564570856,13884.910217437919
2026-06-05 16:30:32.936941,Mouse,Peripherals,Central,5,834.6927104086494,4173.463552043248,442.21245696654626,3731.2510950767014
2026-06-06 16:30:32.936941,Monitor,Electronics,West,2,32068.2431950635,64136.486390127,1293.974273867503,62842.512116259495
2026-06-06 16:30:32.936941,Laptop,Electronics,Central,8,53720.50710319713,429764.05682557705,15020.57275549262,414743.4840700844
2026-06-06 16:30:32.936941,Mobile Phone,Electronics,North,5,68927.97784441487,344639.88922207436,32424.894734956455,312214.9944871179
2026-06-06 16:30:32.936941,Mouse,Peripherals,South,3,2249.4848553120414,6748.454565936125,976.6423372570056,5771.8122286791195
2026-06-06 16:30:32.936941,Laptop,Electronics,North,9,82356.41921099593,741207.7728989633,1607.7736913126414,739599.9992076507
2026-06-07 16:30:32.936941,Headphones,Accessories,East,3,3881.9656145399235,11645.89684361977,1373.4599796180044,10272.436864001766
2026-06-07 16:30:32.936941,Tablet,Electronics,East,6,41488.41367348227,248930.4820408936,23628.645674493546,225301.83636640006
2026-06-07 16:30:32.936941,Monitor,Electronics,South,8,35881.28766338644,287050.30130709155,41826.278228630385,245224.02307846118
2026-06-07 16:30:32.936941,Laptop,Electronics,East,1,68993.49797990231,68993.49797990231,5766.308020364332,63227.18995953798
2026-06-07 16:30:32.936941,Headphones,Accessories,Central,1,2920.8352057156994,2920.8352057156994,339.09060107678545,2581.744604638914
2026-06-08 16:30:32.936941,Laptop,Electronics,East,1,76132.007399967,76132.007399967,5291.897539279182,70840.10986068782
2026-06-08 16:30:32.936941,USB Drive,Peripherals,North,5,1636.3261926234354,8181.630963117177,1134.8219986180898,7046.808964499087
2026-06-08 16:30:32.936941,Webcam,Accessories,Central,9,3684.451717655949,33160.06545890354,2522.8680376524626,30637.197421251076
2026-06-08 16:30:32.936941,Headphones,Accessories,Central,6,6023.447724574914,36140.68634744948,5179.899027028787,30960.787320420695
2026-06-08 16:30:32.936941,Mouse,Peripherals,South,6,1071.552645073613,6429.315870441677,488.6112015408209,5940.704668900857
2026-06-09 16:30:32.936941,Speaker,Accessories,East,2,13174.70108621601,26349.40217243202,3573.5341388783654,22775.868033553656
2026-06-09 16:30:32.936941,Laptop,Electronics,West,9,80931.60353254116,728384.4317928705,68065.92804905899,660318.5037438115
2026-06-09 16:30:32.936941,Mouse,Peripherals,West,1,1441.743148233776,1441.743148233776,98.47849017600753,1343.2646580577687
2026-06-10 16:30:32.936941,Keyboard,Peripherals,Central,1,5575.031237078683,5575.031237078683,668.0090401135851,4907.022196965098
2026-06-10 16:30:32.936941,Laptop,Electronics,North,5,79898.86151428186,399494.30757140927,30135.137404728302,369359.17016668094
2026-06-10 16:30:32.936941,Monitor,Electronics,South,7,18531.82995738514,129722.80970169598,15186.676057691257,114536.13364400473
2026-06-10 16:30:32.936941,Webcam,Accessories,West,1,3305.669512383691,3305.669512383691,109.08716864033566,3196.5823437433555
2026-06-11 16:30:32.936941,Headphones,Accessories,East,3,3894.767511835587,11684.30253550676,907.9028544622926,10776.399681044468
2026-06-11 16:30:32.936941,Webcam,Accessories,Central,5,5094.954790954696,25474.77395477348,3689.6706517385473,21785.103303034935
2026-06-11 16:30:32.936941,Webcam,Accessories,South,2,5610.124097424691,11220.248194849382,140.26058189997443,11079.987612949408
2026-06-12 16:30:32.936941,Headphones,Accessories,East,4,5466.498931516619,21865.995726066478,1983.9405412318067,19882.05518483467
2026-06-12 16:30:32.936941,USB Drive,Peripherals,South,6,683.2238118359016,4099.342871015409,325.14553442284483,3774.1973365925646
2026-06-12 16:30:32.936941,Mobile Phone,Electronics,South,7,37125.661107468404,259879.62775227882,26274.842064490775,233604.78568778804
2026-06-12 16:30:32.936941,Tablet,Electronics,Central,7,15468.168379307179,108277.17865515026,6424.102270014966,101853.0763851353
2026-06-13 16:30:32.936941,Mobile Phone,Electronics,West,9,20286.215370687492,182575.93833618742,1791.1599115970862,180784.77842459033
2026-06-13 16:30:32.936941,Laptop,Electronics,West,4,56462.289705857336,225849.15882342934,22185.787769907765,203663.37105352158
2026-06-14 16:30:32.936941,Monitor,Electronics,Central,2,14026.961635944015,28053.92327188803,3338.529136540795,24715.394135347236
2026-06-14 16:30:32.936941,Monitor,Electronics,South,2,13406.519284232141,26813.038568464282,2557.1190064816155,24255.919561982668
2026-06-14 16:30:32.936941,Tablet,Electronics,Central,6,23123.81370079216,138742.88220475297,10136.08948047863,128606.79272427433
2026-06-14 16:30:32.936941,Monitor,Electronics,North,5,12035.81435731997,60179.07178659985,8594.900289714291,51584.17149688556
2026-06-15 16:30:32.936941,Keyboard,Peripherals,West,8,5557.178508115381,44457.42806492305,2550.8643566009077,41906.563708322145
2026-06-15 16:30:32.936941,Tablet,Electronics,North,6,24892.813647705523,149356.88188623314,18886.965526627813,130469.91635960533
2026-06-15 16:30:32.936941,Tablet,Electronics,East,9,32833.53063207897,295501.77568871074,19090.712117953375,276411.06357075734
2026-06-15 16:30:32.936941,Webcam,Accessories,North,1,4498.352551159192,4498.352551159192,583.9016834518487,3914.4508677073436
2026-06-15 16:30:32.936941,Webcam,Accessories,East,2,3651.7003114557483,7303.400622911497,744.4844409432703,6558.916181968227
2026-06-16 16:30:32.936941,USB Drive,Peripherals,Central,2,1291.2295681930036,2582.4591363860072,256.1031750817796,2326.3559613042275
2026-06-16 16:30:32.936941,Speaker,Accessories,East,6,2958.7880075517633,17752.728045310578,2144.0348987007924,15608.693146609785
2026-06-17 16:30:32.936941,Mobile Phone,Electronics,East,4,78783.0500231472,315132.2000925888,15078.781480649794,300053.418611939
2026-06-17 16:30:32.936941,Speaker,Accessories,South,5,3223.816888705953,16119.084443529764,1729.6266328905788,14389.457810639185
2026-06-18 16:30:32.936941,Tablet,Electronics,Central,3,36198.776056417744,108596.32816925323,15883.198924140906,92713.12924511233
2026-06-18 16:30:32.936941,Mobile Phone,Electronics,Central,9,37460.49976824915,337144.4979142424,12430.175132390734,324714.32278185163
2026-06-19 16:30:32.936941,Tablet,Electronics,West,7,38852.7458030215,271969.2206211505,5968.342469353114,266000.8781517974
2026-06-19 16:30:32.936941,Speaker,Accessories,Central,2,6909.4623609095215,13818.924721819043,702.299353820341,13116.625367998702
2026-06-19 16:30:32.936941,Mouse,Peripherals,North,7,2098.2872971965826,14688.011080376078,2159.4874437056874,12528.52363667039
2026-06-19 16:30:32.936941,Keyboard,Peripherals,South,2,1884.7290739763625,3769.458147952725,364.3761020954607,3405.0820458572643
2026-06-19 16:30:32.936941,Headphones,Accessories,East,6,8354.268732043336,50125.612392260016,2402.3078216122194,47723.3045706478
2026-06-20 16:30:32.936941,Keyboard,Peripherals,East,9,4305.073605796049,38745.66245216444,3899.8631089364526,34845.79934322799
2026-06-20 16:30:32.936941,Monitor,Electronics,South,7,25562.09307366983,178934.6515156888,5986.812248182261,172947.83926750656
2026-06-20 16:30:32.936941,Webcam,Accessories,Central,8,4306.695296578397,34453.56237262717,2630.2416687456275,31823.320703881545
2026-06-21 16:30:32.936941,USB Drive,Peripherals,Central,5,1599.5707788373754,7997.853894186877,1009.6433492991785,6988.210544887699
2026-06-21 16:30:32.936941,Laptop,Electronics,North,8,58609.60747478859,468876.8597983087,36256.59837242678,432620.26142588194
2026-06-21 16:30:32.936941,Keyboard,Peripherals,West,4,1733.2179316275187,6932.871726510075,298.8923408123516,6633.979385697723
2026-06-21 16:30:32.936941,Headphones,Accessories,Central,1,1083.4014651096704,1083.4014651096704,119.25355613711744,964.147908972553
2026-06-21 16:30:32.936941,Webcam,Accessories,South,6,4324.068389814649,25944.410338887894,203.1630611036561,25741.247277784238
2026-06-22 16:30:32.936941,Laptop,Electronics,East,1,84400.4507663667,84400.4507663667,7359.849330866758,77040.60143549995
2026-06-22 16:30:32.936941,Mouse,Peripherals,North,9,711.0084942111564,6399.076447900407,671.1493794618876,5727.92706843852
2026-06-22 16:30:32.936941,Mouse,Peripherals,East,8,1431.1291087596692,11449.032870077353,874.4655341050875,10574.567335972266
2026-06-22 16:30:32.936941,Speaker,Accessories,East,2,11725.108248328632,23450.216496657264,2295.2243185681295,21154.992178089135
2026-06-23 16:30:32.936941,Laptop,Electronics,Central,7,57744.41656468855,404210.91595281987,50252.00666899736,353958.9092838225
2026-06-23 16:30:32.936941,Keyboard,Peripherals,Central,3,3768.4202254785037,11305.260676435511,174.39056752789935,11130.870108907611
2026-06-23 16:30:32.936941,Speaker,Accessories,West,5,3514.1608728511014,17570.804364255506,1436.2470781969926,16134.557286058513
2026-06-24 16:30:32.936941,USB Drive,Peripherals,North,3,1679.3497926935029,5038.049378080508,330.49984821641397,4707.549529864094
2026-06-24 16:30:32.936941,Monitor,Electronics,South,3,34923.38598360756,104770.15795082267,14602.70960557866,90167.44834524402
2026-06-25 16:30:32.936941,Keyboard,Peripherals,Central,6,5672.095061959629,34032.57037175777,3550.6908170291445,30481.879554728628
2026-06-25 16:30:32.936941,Mobile Phone,Electronics,North,6,40904.32482818609,245425.94896911652,31638.283436798927,213787.6655323176
2026-06-25 16:30:32.936941,Tablet,Electronics,Central,3,39455.222401011866,118365.6672030356,1053.7054335099335,117311.96176952566
2026-06-25 16:30:32.936941,Speaker,Accessories,North,8,12180.359982966631,97442.87986373305,3880.2707992728897,93562.60906446016
2026-06-25 16:30:32.936941,Mobile Phone,Electronics,South,3,38874.02397958022,116622.07193874066,7285.224309613789,109336.84762912687
2026-06-26 16:30:32.936941,Headphones,Accessories,West,2,6839.1654826276545,13678.330965255309,1588.2740092596327,12090.056955995677
2026-06-26 16:30:32.936941,Mobile Phone,Electronics,South,6,74017.01681755681,444102.10090534086,64282.39990563522,379819.70099970564
2026-06-27 16:30:32.936941,Speaker,Accessories,West,8,10335.115175987303,82680.92140789842,8370.30342656135,74310.61798133707
2026-06-27 16:30:32.936941,Mobile Phone,Electronics,South,5,45774.94541792916,228874.72708964578,34106.853407796065,194767.8736818497
2026-06-28 16:30:32.936941,Laptop,Electronics,West,6,46788.63763533991,280731.82581203943,18296.15528578482,262435.67052625463
2026-06-28 16:30:32.936941,Keyboard,Peripherals,North,2,4157.480575966021,8314.961151932042,509.7745889866574,7805.186562945385
2026-06-29 16:30:32.936941,Mobile Phone,Electronics,North,8,68769.08752003129,550152.7001602503,30963.684206265472,519189.0159539848
2026-06-29 16:30:32.936941,Laptop,Electronics,South,6,48760.622026640456,292563.73215984274,25270.75077747022,267292.9813823725
2026-06-29 16:30:32.936941,Monitor,Electronics,Central,5,32377.52832888699,161887.64164443495,23794.82000626026,138092.82163817468
2026-06-29 16:30:32.936941,Mobile Phone,Electronics,Central,6,73706.09389775532,442236.5633865319,53473.48943808509,388763.0739484468
2026-06-30 16:30:32.936941,Headphones,Accessories,East,6,6410.101528225325,38460.60916935195,2866.452984926356,35594.15618442559
2026-06-30 16:30:32.936941,Mouse,Peripherals,West,7,2756.554785750993,19295.88350025695,1527.821055219938,17768.062445037012
2026-07-01 16:30:32.936941,USB Drive,Peripherals,West,3,1226.4128657325564,3679.238597197669,137.79253482321735,3541.4460623744517
2026-07-01 16:30:32.936941,Mouse,Peripherals,East,6,2428.5825198075327,14571.495118845196,677.9172634275604,13893.577855417636
2026-07-01 16:30:32.936941,Laptop,Electronics,West,5,72638.17814786233,363190.89073931164,11766.741654465992,351424.1490848457
2026-07-01 16:30:32.936941,Mobile Phone,Electronics,Central,3,33912.33386151033,101737.00158453098,7968.2870141510775,93768.7145703799
2026-07-01 16:30:32.936941,Laptop,Electronics,Central,8,59196.93174109524,473575.45392876194,65107.433805560555,408468.02012320136
2026-07-02 16:30:32.936941,Mobile Phone,Electronics,Central,3,70739.17464546137,212217.52393638412,19631.836151084754,192585.68778529938
2026-07-02 16:30:32.936941,Laptop,Electronics,North,1,84766.14342517617,84766.14342517617,6778.07739291744,77988.06603225872
2026-07-02 16:30:32.936941,Keyboard,Peripherals,Central,9,3057.08376910531,27513.753921947788,1366.3663335472188,26147.38758840057
2026-07-02 16:30:32.936941,Mobile Phone,Electronics,East,7,65105.874878566385,455741.1241499647,40886.78358049887,414854.3405694658
2026-07-02 16:30:32.936941,Monitor,Electronics,Central,1,38594.270193213495,38594.270193213495,506.4727406662238,38087.797452547275
2026-07-03 16:30:32.936941,Mobile Phone,Electronics,East,4,51693.49191383053,206773.9676553221,2762.919070446355,204011.04858487574
2026-07-03 16:30:32.936941,USB Drive,Peripherals,West,9,1058.8650146870436,9529.785132183393,553.2217570102773,8976.563375173117
2026-07-03 16:30:32.936941,Mouse,Peripherals,North,8,1443.5795405449194,11548.636324359355,1523.4800056698546,10025.1563186895
2026-07-04 16:30:32.936941,USB Drive,Peripherals,South,7,1215.8067220805206,8510.647054563644,237.3411301734296,8273.305924390213
2026-07-04 16:30:32.936941,Speaker,Accessories,South,7,4370.279987615441,30591.95991330809,1084.2756138528719,29507.684299455217
2026-07-05 16:30:32.936941,Tablet,Electronics,West,4,30090.76269088723,120363.05076354892,17385.94845542679,102977.10230812212
2026-07-05 16:30:32.936941,Speaker,Accessories,East,5,8772.002352709425,43860.011763547125,2431.2706618792436,41428.74110166788
2026-07-05 16:30:32.936941,Tablet,Electronics,East,2,44185.84410911319,88371.68821822638,12582.899651663743,75788.78856656264
2026-07-06 16:30:32.936941,Keyboard,Peripherals,North,1,1572.871651107322,1572.871651107322,48.21303351848601,1524.6586175888358
2026-07-06 16:30:32.936941,Speaker,Accessories,Central,4,13602.74081491088,54410.96325964352,1506.071066438629,52904.89219320489
2026-07-06 16:30:32.936941,Tablet,Electronics,North,1,32198.042184653845,32198.042184653845,3627.9280640344086,28570.114120619437
2026-07-06 16:30:32.936941,Laptop,Electronics,North,4,78562.49411798592,314249.97647194366,12609.881851963333,301640.0946199803
2026-07-07 16:30:32.936941,Webcam,Accessories,Central,6,7031.718766438917,42190.3125986335,1673.703384041294,40516.60921459221
2026-07-07 16:30:32.936941,Mouse,Peripherals,Central,6,2663.155572829514,15978.933436977084,2380.4385309406703,13598.494906036414
2026-07-07 16:30:32.936941,Speaker,Accessories,North,6,4792.270503610305,28753.62302166183,2203.608357708407,26550.014663953425
2026-07-08 16:30:32.936941,Monitor,Electronics,South,3,15962.574315057347,47887.72294517204,6066.510741084644,41821.212204087395
2026-07-08 16:30:32.936941,Keyboard,Peripherals,South,5,3553.237613520708,17766.18806760354,104.60610418471026,17661.58196341883
2026-07-08 16:30:32.936941,Mouse,Peripherals,Central,2,2557.1554608211486,5114.310921642297,562.6299051111247,4551.681016531173
2026-07-09 16:30:32.936941,Tablet,Electronics,South,2,37023.032630981485,74046.06526196297,1112.9541134712467,72933.11114849172
2026-07-09 16:30:32.936941,Tablet,Electronics,South,7,39323.65673129531,275265.5971190672,27943.970472851233,247321.62664621597
2026-07-09 16:30:32.936941,Webcam,Accessories,East,7,2953.3850746077483,20673.69552225424,1827.3676821896277,18846.327840064612
2026-07-09 16:30:32.936941,Headphones,Accessories,North,1,4393.388231690645,4393.388231690645,73.8650802765241,4319.523151414121
2026-07-09 16:30:32.936941,Tablet,Electronics,Central,9,37462.52041966817,337162.68377701356,26941.948765961297,310220.7350110523
2026-07-10 16:30:32.936941,Laptop,Electronics,Central,4,90002.48645526322,360009.9458210529,319.55591249236625,359690.3899085605
2026-07-10 16:30:32.936941,USB Drive,Peripherals,Central,2,1161.0315218477886,2322.063043695577,57.38168964667353,2264.6813540489034
2026-07-10 16:30:32.936941,Mobile Phone,Electronics,East,3,54470.605971491736,163411.81791447522,5043.203645567059,158368.61426890816
2026-07-10 16:30:32.936941,Mobile Phone,Electronics,East,4,24438.05198892066,97752.20795568264,967.1528906061949,96785.05506507643
2026-07-11 16:30:32.936941,Mobile Phone,Electronics,South,6,45468.59011093697,272811.54066562187,28373.280724343535,244438.25994127835
2026-07-11 16:30:32.936941,Webcam,Accessories,West,5,6509.697574593855,32548.487872969275,1595.5244578287056,30952.96341514057
2026-07-11 16:30:32.936941,Keyboard,Peripherals,East,8,3793.4813292817594,30347.850634254075,711.3742955749603,29636.476338679116
2026-07-11 16:30:32.936941,Tablet,Electronics,South,1,38456.81130469279,38456.81130469279,2174.8472229173035,36281.964081775484
2026-07-12 16:30:32.936941,Mobile Phone,Electronics,East,9,62088.50370217645,558796.533319588,517.2061875073003,558279.3271320808
2026-07-12 16:30:32.936941,Webcam,Accessories,North,3,5505.2548471953905,16515.76454158617,354.07703874900454,16161.687502837165
2026-07-12 16:30:32.936941,Headphones,Accessories,East,7,3650.1621761054976,25551.13523273848,3522.0173168973242,22029.117915841158
2026-07-12 16:30:32.936941,USB Drive,Peripherals,West,4,1177.264572337661,4709.058289350644,190.49341113825176,4518.564878212393
2026-07-13 16:30:32.936941,Keyboard,Peripherals,Central,4,5351.014924689792,21404.059698759167,2506.781855136566,18897.2778436226
2026-07-13 16:30:32.936941,Monitor,Electronics,Central,1,25481.835165590855,25481.835165590855,2073.3938309649916,23408.441334625863
2026-07-13 16:30:32.936941,Tablet,Electronics,Central,1,20472.254316790375,20472.254316790375,1225.8145413189943,19246.43977547138
2026-07-14 16:30:32.936941,Webcam,Accessories,East,4,5427.1817426340185,21708.726970536074,1555.6051589324761,20153.121811603596
2026-07-14 16:30:32.936941,Keyboard,Peripherals,West,3,5414.287518034065,16242.862554102196,1589.0354969073583,14653.827057194838
2026-07-15 16:30:32.936941,Tablet,Electronics,North,3,29459.70824659723,88379.12473979169,10647.200098819974,77731.92464097172
2026-07-15 16:30:32.936941,Keyboard,Peripherals,South,3,7278.961015673065,21836.883047019197,1527.2108757908743,20309.67217122832
2026-07-16 16:30:32.936941,Headphones,Accessories,West,2,3969.780655849226,7939.561311698452,961.6102761129151,6977.951035585537
2026-07-16 16:30:32.936941,Monitor,Electronics,East,3,20553.392982870995,61660.178948612986,9083.02665835353,52577.15229025946
2026-07-16 16:30:32.936941,Tablet,Electronics,East,8,40580.35376887843,324642.8301510274,46035.796925800154,278607.03322522726
2026-07-16 16:30:32.936941,USB Drive,Peripherals,West,4,1891.0272359948603,7564.108943979441,280.18067689496985,7283.928267084471
2026-07-16 16:30:32.936941,USB Drive,Peripherals,East,9,1141.2022182798164,10270.819964518349,1178.356357492597,9092.463607025751
2026-07-17 16:30:32.936941,Monitor,Electronics,West,1,37543.269101024256,37543.269101024256,4971.219565939711,32572.049535084545
2026-07-17 16:30:32.936941,Speaker,Accessories,North,7,3082.12972242289,21574.90805696023,2470.2721336618133,19104.635923298418
2026-07-17 16:30:32.936941,Tablet,Electronics,Central,2,16271.015876750735,32542.03175350147,753.129750587392,31788.902002914077
2026-07-17 16:30:32.936941,Mobile Phone,Electronics,East,8,35543.33572534612,284346.685802769,5705.348852492119,278641.33695027686
2026-07-17 16:30:32.936941,Tablet,Electronics,Central,8,24321.938948084106,194575.51158467284,22682.43682241178,171893.07476226107
2026-07-18 16:30:32.936941,Headphones,Accessories,East,4,4197.533523325883,16790.13409330353,311.3816853701735,16478.75240793336
2026-07-18 16:30:32.936941,Mobile Phone,Electronics,North,1,61138.584378564614,61138.584378564614,8945.021974321706,52193.56240424291
2026-07-18 16:30:32.936941,Laptop,Electronics,Central,7,75291.47118412855,527040.2982888998,34444.611221873434,492595.6870670264
2026-07-18 16:30:32.936941,Laptop,Electronics,Central,1,49774.16159757931,49774.16159757931,3602.9737427508817,46171.18785482843
2026-07-19 16:30:32.936941,Webcam,Accessories,West,9,2278.209012881901,20503.881115937107,2812.18663436373,17691.694481573377
2026-07-19 16:30:32.936941,Webcam,Accessories,South,9,4455.871142511249,40102.84028260124,1334.6378280774688,38768.20245452377
2026-07-20 16:30:32.936941,Laptop,Electronics,Central,1,65636.0148895137,65636.0148895137,8571.784894743998,57064.229994769696
2026-07-20 16:30:32.936941,Monitor,Electronics,Central,9,28256.634425070253,254309.70982563228,21844.48731450314,232465.22251112913
2026-07-20 16:30:32.936941,Speaker,Accessories,West,7,10317.632174780847,72223.42522346592,4882.103985653431,67341.32123781249
2026-07-20 16:30:32.936941,Tablet,Electronics,East,2,24796.97493936385,49593.9498787277,5705.677172271362,43888.27270645634
2026-07-20 16:30:32.936941,Mouse,Peripherals,South,8,2697.4653616910987,21579.72289352879,2296.605408110681,19283.117485418108
2026-07-21 16:30:32.936941,Webcam,Accessories,East,6,2361.5338672805456,14169.203203683273,1898.5763853100784,12270.626818373195
2026-07-21 16:30:32.936941,Tablet,Electronics,West,1,27776.79442758968,27776.79442758968,3936.3477536848877,23840.446673904793
2026-07-21 16:30:32.936941,Speaker,Accessories,Central,6,4184.912145232627,25109.472871395763,2218.4844147878216,22890.98845660794
2026-07-21 16:30:32.936941,Mobile Phone,Electronics,West,9,72596.65823287329,653369.9240958596,73445.19500503565,579924.729090824
2026-07-21 16:30:32.936941,Keyboard,Peripherals,Central,9,7218.581475398867,64967.2332785898,8457.986332945198,56509.246945644605
2026-07-22 16:30:32.936941,Laptop,Electronics,South,1,50256.26747249615,50256.26747249615,6430.315275519939,43825.952196976206
2026-07-22 16:30:32.936941,Webcam,Accessories,South,2,7600.619543197717,15201.239086395433,123.74517081448731,15077.493915580946
2026-07-22 16:30:32.936941,Speaker,Accessories,South,1,11164.368572929892,11164.368572929892,572.2632753978896,10592.105297532002
2026-07-22 16:30:32.936941,USB Drive,Peripherals,South,1,1506.4897205428927,1506.4897205428927,162.8311700906353,1343.6585504522573
2026-07-23 16:30:32.936941,Tablet,Electronics,Central,5,30531.063637332445,152655.31818666222,21299.781930506906,131355.53625615532
2026-07-23 16:30:32.936941,Webcam,Accessories,South,6,2418.174677414875,14509.04806448925,1290.4915860155286,13218.556478473722
2026-07-23 16:30:32.936941,USB Drive,Peripherals,East,5,1064.3254667290346,5321.627333645173,80.21782001494427,5241.4095136302285
2026-07-23 16:30:32.936941,Laptop,Electronics,South,5,97716.57802316418,488582.8901158209,5962.106607417788,482620.7835084031
2026-07-23 16:30:32.936941,USB Drive,Peripherals,South,3,1341.8440108082902,4025.5320324248705,459.557033917995,3565.9749985068756
2026-07-24 16:30:32.936941,Mobile Phone,Electronics,East,8,77964.6032652208,623716.8261217664,46334.96004265761,577381.8660791088
2026-07-24 16:30:32.936941,Keyboard,Peripherals,South,9,3662.9698950569714,32966.72905551274,3387.2055732442363,29579.523482268505
2026-07-24 16:30:32.936941,Laptop,Electronics,South,8,64612.32069835729,516898.5655868583,48493.51065102115,468405.05493583716
2026-07-24 16:30:32.936941,Speaker,Accessories,East,8,12477.789332768247,99822.31466214597,2245.1234779614892,97577.19118418448
2026-07-25 16:30:32.936941,Mouse,Peripherals,West,1,2607.2316848672417,2607.2316848672417,0.8501336927108198,2606.381551174531
2026-07-25 16:30:32.936941,USB Drive,Peripherals,North,9,627.2709949081135,5645.438954173022,179.12040802873554,5466.318546144286
2026-07-25 16:30:32.936941,Laptop,Electronics,East,7,93947.36978850327,657631.5885195229,93638.59866298368,563992.9898565393
2026-07-25 16:30:32.936941,Mobile Phone,Electronics,Central,4,49279.42223453371,197117.68893813484,12579.123253772153,184538.5656843627
2026-07-25 16:30:32.936941,Monitor,Electronics,East,7,18792.41633774313,131546.9143642019,16632.686862182818,114914.22750201907
2026-07-26 16:30:32.936941,Webcam,Accessories,Central,5,7879.010135797406,39395.050678987034,5640.438425400846,33754.61225358619
2026-07-26 16:30:32.936941,Webcam,Accessories,South,7,7938.36670252455,55568.56691767185,1700.3373618746778,53868.229555797174
2026-07-26 16:30:32.936941,Mouse,Peripherals,West,3,1524.1354313807924,4572.406294142377,340.64393577495514,4231.762358367422
2026-07-27 16:30:32.936941,Keyboard,Peripherals,Central,9,5330.846837974485,47977.62154177037,2330.775172996513,45646.846368773855
2026-07-27 16:30:32.936941,Mobile Phone,Electronics,Central,6,52415.84619775285,314495.07718651707,16935.519384094157,297559.5578024229
2026-07-27 16:30:32.936941,Monitor,Electronics,West,5,13595.801602409683,67979.00801204842,4128.354526873676,63850.65348517474
2026-07-27 16:30:32.936941,Headphones,Accessories,Central,7,2155.871814944432,15091.102704611025,1969.6906119254343,13121.41209268559
2026-07-27 16:30:32.936941,Mouse,Peripherals,East,7,2895.4603899389213,20268.222729572448,141.57906779631503,20126.643661776132
2026-07-28 16:30:32.936941,Keyboard,Peripherals,West,4,2093.1121748435153,8372.448699374061,141.37139563264125,8231.07730374142
2026-07-28 16:30:32.936941,USB Drive,Peripherals,Central,6,887.4166205054217,5324.499723032531,401.8336544539757,4922.666068578555
2026-07-29 16:30:32.936941,Laptop,Electronics,Central,4,56366.62203552264,225466.48814209056,31400.367934298363,194066.1202077922
2026-07-29 16:30:32.936941,Tablet,Electronics,West,3,15970.977937042351,47912.933811127055,315.00247255971306,47597.931338567345
2026-07-29 16:30:32.936941,Tablet,Electronics,South,8,35230.471136140826,281843.7690891266,25288.508499984604,256555.260589142
2026-07-29 16:30:32.936941,Mobile Phone,Electronics,Central,2,58773.41166948077,117546.82333896153,6318.3564303418225,111228.46690861971
2026-07-30 16:30:32.936941,Monitor,Electronics,South,7,39773.44960898228,278414.1472628759,5112.823789359716,273301.3234735162
2026-07-30 16:30:32.936941,Tablet,Electronics,South,4,34064.37037566553,136257.48150266212,1207.8319427665886,135049.64955989554
2026-07-30 16:30:32.936941,Tablet,Electronics,East,9,16106.075448106432,144954.67903295788,14354.40751078845,130600.27152216944
2026-07-30 16:30:32.936941,Webcam,Accessories,North,3,4155.12532049939,12465.37596149817,356.6027517598554,12108.773209738314
2026-07-30 16:30:32.936941,Headphones,Accessories,West,5,9913.726819109124,49568.634095545625,620.5826400250546,48948.051455520574
2026-07-31 16:30:32.936941,Keyboard,Peripherals,North,8,5840.46354525082,46723.70836200656,3351.24116632833,43372.46719567823
2026-07-31 16:30:32.936941,USB Drive,Peripherals,West,1,590.3808090709986,590.3808090709986,43.69371422134336,546.6870948496552
2026-07-31 16:30:32.936941,USB Drive,Peripherals,South,2,1839.7777743862305,3679.555548772461,302.9772425844224,3376.5783061880384
2026-08-01 16:30:32.936941,Webcam,Accessories,South,1,6706.027869623038,6706.027869623038,53.401458586802754,6652.626411036235
2026-08-01 16:30:32.936941,Mouse,Peripherals,North,5,1829.199446474528,9145.99723237264,376.21488588488404,8769.782346487757
2026-08-02 16:30:32.936941,Headphones,Accessories,North,2,7694.42293346619,15388.84586693238,1522.3357845450334,13866.510082387347
2026-08-02 16:30:32.936941,Tablet,Electronics,Central,2,34723.778768105054,69447.55753621011,1753.3763264522288,67694.18120975788
2026-08-02 16:30:32.936941,Webcam,Accessories,South,7,3041.9979541350403,21293.985678945282,1358.2357080197824,19935.7499709255
2026-08-03 16:30:32.936941,Tablet,Electronics,Central,7,31525.185267807286,220676.29687465102,474.53708492181244,220201.7597897292
2026-08-03 16:30:32.936941,Laptop,Electronics,Central,3,80798.56420966418,242395.69262899255,24508.673107408384,217887.01952158415
2026-08-04 16:30:32.936941,Tablet,Electronics,North,6,15071.99572549968,90431.97435299808,3344.253962912446,87087.72039008563
2026-08-04 16:30:32.936941,Tablet,Electronics,East,8,18293.902068263378,146351.21654610703,5857.115325589896,140494.10122051713
2026-08-04 16:30:32.936941,Tablet,Electronics,Central,4,18705.716617694423,74822.86647077769,1686.6131817802197,73136.25328899747
2026-08-04 16:30:32.936941,Mouse,Peripherals,Central,1,1845.0119622119591,1845.0119622119591,260.44450236172696,1584.5674598502321
2026-08-05 16:30:32.936941,Webcam,Accessories,North,5,5327.364282576647,26636.821412883237,3748.781088280375,22888.04032460286
2026-08-05 16:30:32.936941,Monitor,Electronics,North,5,39017.98199089325,195089.90995446625,7362.741396805504,187727.16855766074
2026-08-06 16:30:32.936941,Headphones,Accessories,West,1,8719.383276489123,8719.383276489123,532.4420545231882,8186.941221965935
2026-08-06 16:30:32.936941,Webcam,Accessories,West,4,7741.212559087333,30964.85023634933,4187.173242182407,26777.676994166926
2026-08-06 16:30:32.936941,USB Drive,Peripherals,South,3,1982.618353759292,5947.855061277876,816.5493036463965,5131.3057576314795
2026-08-06 16:30:32.936941,Headphones,Accessories,West,1,9934.761459267562,9934.761459267562,455.18783073111166,9479.573628536451
2026-08-07 16:30:32.936941,Webcam,Accessories,South,6,6552.445345695116,39314.672074170696,854.6314959980405,38460.04057817266
2026-08-07 16:30:32.936941,Webcam,Accessories,South,9,7563.7549990724065,68073.79499165165,5537.2959083795795,62536.49908327207
2026-08-07 16:30:32.936941,Webcam,Accessories,Central,9,7020.405095315965,63183.64585784369,693.0952754364594,62490.550582407224
2026-08-07 16:30:32.936941,Monitor,Electronics,South,4,18420.211307810045,73680.84523124018,5805.23031993915,67875.61491130103
2026-08-07 16:30:32.936941,Keyboard,Peripherals,West,5,7407.2912809710415,37036.456404855206,329.0137151289892,36707.44268972622
2026-08-08 16:30:32.936941,Webcam,Accessories,Central,1,2798.4447797530056,2798.4447797530056,73.60605640015642,2724.8387233528492
2026-08-08 16:30:32.936941,Mobile Phone,Electronics,South,6,28711.797813802543,172270.78688281524,14141.282121416456,158129.5047613988
2026-08-09 16:30:32.936941,Mouse,Peripherals,West,7,1063.4800815591987,7444.36057091439,4.845002849724361,7439.515568064666
2026-08-09 16:30:32.936941,Tablet,Electronics,North,6,25932.90285639455,155597.4171383673,4028.2988350479027,151569.1183033194
2026-08-09 16:30:32.936941,Laptop,Electronics,South,6,90530.50687266738,543183.0412360043,41537.86557024197,501645.17566576233
2026-08-09 16:30:32.936941,Speaker,Accessories,Central,9,3784.933041825192,34064.39737642673,2648.4113791509567,31415.985997275773
2026-08-10 16:30:32.936941,Mouse,Peripherals,South,3,2325.725492977368,6977.176478932104,786.9901594216605,6190.186319510443
2026-08-10 16:30:32.936941,Webcam,Accessories,North,9,6114.892598730606,55034.03338857545,5086.087713881055,49947.9456746944
2026-08-11 16:30:32.936941,Tablet,Electronics,West,1,21063.74607033601,21063.74607033601,1259.0619997253818,19804.684070610627
2026-08-11 16:30:32.936941,Webcam,Accessories,Central,7,4589.549581498854,32126.847070491982,851.7236200411902,31275.123450450792
2026-08-11 16:30:32.936941,Laptop,Electronics,Central,4,66192.65847769138,264770.6339107655,18170.43029896797,246600.20361179754
2026-08-12 16:30:32.936941,Speaker,Accessories,North,1,7952.688261994258,7952.688261994258,840.2982370266983,7112.39002496756
2026-08-12 16:30:32.936941,Mobile Phone,Electronics,West,8,48440.54130485975,387524.330438878,653.9776709966912,386870.3527678813
2026-08-12 16:30:32.936941,Tablet,Electronics,Central,4,48052.72522889825,192210.900915593,2154.8895916582505,190056.01132393474
2026-08-13 16:30:32.936941,Speaker,Accessories,North,8,2233.3951229901077,17867.16098392086,1411.7860981052063,16455.374885815654
2026-08-13 16:30:32.936941,Mouse,Peripherals,Central,8,1455.7269713019298,11645.815770415438,1509.7102825721975,10136.10548784324
2026-08-13 16:30:32.936941,Mouse,Peripherals,East,6,1497.1956628483485,8983.173977090091,221.57560784785514,8761.598369242236
2026-08-13 16:30:32.936941,Laptop,Electronics,Central,7,63599.00866712231,445193.06066985615,8449.01891614308,436744.04175371304
2026-08-14 16:30:32.936941,Mouse,Peripherals,South,5,1104.4558194577648,5522.279097288824,120.57354096860516,5401.705556320219
2026-08-14 16:30:32.936941,USB Drive,Peripherals,West,9,1108.8186616154235,9979.367954538811,443.85087900726023,9535.51707553155
2026-08-14 16:30:32.936941,Keyboard,Peripherals,Central,6,2945.760432818969,17674.562596913813,1262.6329520287366,16411.929644885076
2026-08-15 16:30:32.936941,Webcam,Accessories,North,1,2941.9739356397586,2941.9739356397586,266.955180610768,2675.0187550289907
2026-08-15 16:30:32.936941,Mouse,Peripherals,South,6,2424.333506435111,14546.001038610666,1151.1921245293088,13394.808914081357
2026-08-15 16:30:32.936941,Monitor,Electronics,West,8,28122.78596744494,224982.2877395595,22090.59091066094,202891.69682889857
2026-08-16 16:30:32.936941,Headphones,Accessories,North,6,1301.6287661082308,7809.772596649385,203.8848275624298,7605.887769086956
2026-08-16 16:30:32.936941,Monitor,Electronics,Central,1,19645.897075421235,19645.897075421235,2683.7153825417113,16962.181692879523
2026-08-16 16:30:32.936941,Speaker,Accessories,West,7,3317.008768697883,23219.06138088518,1478.0948278543985,21740.966553030783
2026-08-17 16:30:32.936941,Monitor,Electronics,South,6,19196.836429878596,115181.01857927158,14221.325690436828,100959.69288883475
2026-08-17 16:30:32.936941,Laptop,Electronics,North,5,70719.737542558,353598.68771279,19926.800475868073,333671.88723692193
2026-08-17 16:30:32.936941,Webcam,Accessories,Central,3,6953.38693607229,20860.16080821687,1273.4221708520922,19586.73863736478
2026-08-18 16:30:32.936941,Mobile Phone,Electronics,Central,4,46128.56554170922,184514.26216683688,8060.927395964565,176453.33477087232
2026-08-18 16:30:32.936941,Laptop,Electronics,West,9,66163.63672553828,595472.7305298445,8079.403810377182,587393.3267194673
2026-08-18 16:30:32.936941,Headphones,Accessories,East,6,4000.9996126655224,24005.997675993134,2763.844186951764,21242.15348904137
2026-08-18 16:30:32.936941,Mouse,Peripherals,East,8,2076.7790932714006,16614.232746171205,1257.027441220063,15357.205304951141
2026-08-19 16:30:32.936941,Mobile Phone,Electronics,South,2,63680.65070165828,127361.30140331655,5967.430790618944,121393.8706126976
2026-08-19 16:30:32.936941,Mouse,Peripherals,Central,3,1668.0773818770354,5004.232145631106,301.1245955079655,4703.10755012314
2026-08-19 16:30:32.936941,Monitor,Electronics,East,6,39305.789434388644,235834.73660633186,31913.35223061619,203921.3843757157
2026-08-19 16:30:32.936941,Speaker,Accessories,West,5,4434.254702174091,22171.273510870455,167.07240506727953,22004.201105803175
2026-08-19 16:30:32.936941,Webcam,Accessories,East,8,5018.133277671204,40145.066221369634,1187.6493529838438,38957.41686838579
2026-08-20 16:30:32.936941,Webcam,Accessories,East,1,4862.94635084234,4862.94635084234,398.6010759102859,4464.345274932054
2026-08-20 16:30:32.936941,Mouse,Peripherals,South,8,2794.0447004447647,22352.357603558117,3096.9505901879547,19255.40701337016
2026-08-20 16:30:32.936941,Mouse,Peripherals,Central,5,2384.523272281647,11922.616361408236,524.5774919023593,11398.038869505877
2026-08-20 16:30:32.936941,Speaker,Accessories,West,3,12752.181076366582,38256.54322909974,315.7490612242682,37940.79416787547
2026-08-20 16:30:32.936941,Tablet,Electronics,East,2,48662.25410255599,97324.50820511198,5176.267919744751,92148.24028536722
2026-08-21 16:30:32.936941,Speaker,Accessories,Central,4,3489.3065641486255,13957.226256594502,834.595431856574,13122.630824737927
2026-08-21 16:30:32.936941,USB Drive,Peripherals,East,1,1951.064098398455,1951.064098398455,169.60165946035346,1781.4624389381015
2026-08-21 16:30:32.936941,Monitor,Electronics,Central,8,36101.462982450816,288811.7038596065,35738.48649298801,253073.2173666185
2026-08-21 16:30:32.936941,Keyboard,Peripherals,West,2,2153.0327654783487,4306.065530956697,493.45966268491935,3812.605868271778
2026-08-21 16:30:32.936941,Tablet,Electronics,North,3,37080.3936179569,111241.1808538707,4091.469234635472,107149.71161923523
2026-08-22 16:30:32.936941,Headphones,Accessories,West,5,5412.25093303572,27061.2546651786,2138.9052399915195,24922.34942518708
2026-08-22 16:30:32.936941,Tablet,Electronics,North,6,18456.135154330987,110736.81092598592,15852.770022494526,94884.04090349139
2026-08-22 16:30:32.936941,Headphones,Accessories,Central,4,1458.6098831068016,5834.439532427206,227.73095876393273,5606.7085736632735
2026-08-22 16:30:32.936941,Mouse,Peripherals,East,3,1324.4200429270668,3973.2601287812004,405.44969335388964,3567.810435427311
